state_fips,state_abbr,year,electric_bill_monthly,electric_bill_annual,gas_price_per_mcf,gas_bill_monthly,gas_bill_annual,construction_flag_gas
01,AL,2008,132.15654543166235,1585.878545179948,18.3,91.5,1098.0,estimated_from_price
01,AL,2009,131.4233946692268,1577.0807360307217,18.12,90.60000000000001,1087.2,estimated_from_price
01,AL,2010,147.6894083017012,1772.2728996204146,15.79,78.94999999999999,947.4,estimated_from_price
01,AL,2011,142.4059273087918,1708.8711277055017,15.08,75.4,904.8,estimated_from_price
01,AL,2012,135.26334002331654,1623.1600802797984,16.2,81.0,972.0,estimated_from_price
01,AL,2013,136.35753055494052,1636.2903666592863,15.47,77.35000000000001,928.2,estimated_from_price
01,AL,2014,145.24896418547416,1742.98757022569,14.62,73.1,877.1999999999999,estimated_from_price
01,AL,2015,142.4831104814895,1709.797325777874,14.13,70.65,847.8000000000001,estimated_from_price
01,AL,2016,145.54516988143396,1746.5420385772077,14.06,70.3,843.6,estimated_from_price
01,AL,2017,142.55483847068476,1710.658061648217,16.12,80.60000000000001,967.2,estimated_from_price
01,AL,2018,150.54397782673806,1806.5277339208567,15.22,76.10000000000001,913.2,estimated_from_price
01,AL,2019,150.45259714519636,1805.4311657423564,15.63,78.15,937.8000000000001,estimated_from_price
01,AL,2020,143.95420172654414,1727.4504207185296,16.01,80.05000000000001,960.6000000000001,estimated_from_price
01,AL,2021,,,15.72,78.60000000000001,943.2,estimated_from_price
01,AL,2022,,,17.36,86.8,1041.6,estimated_from_price
01,AL,2023,,,20.1,100.5,1206.0,estimated_from_price
02,AK,2008,109.30168685335634,1311.6202422402762,8.72,43.6,523.2,estimated_from_price
02,AK,2009,112.12564953320111,1345.5077943984134,10.23,51.150000000000006,613.8000000000001,estimated_from_price
02,AK,2010,104.28770340300146,1251.4524408360176,8.89,44.45,533.4000000000001,estimated_from_price
02,AK,2011,114.41730112650856,1373.0076135181027,8.77,43.849999999999994,526.1999999999999,estimated_from_price
02,AK,2012,116.88967157459014,1402.6760588950817,8.47,42.35,508.20000000000005,estimated_from_price
02,AK,2013,114.56165659844318,1374.7398791813182,8.85,44.25,531.0,estimated_from_price
02,AK,2014,115.79459774444105,1389.5351729332926,9.11,45.55,546.5999999999999,estimated_from_price
02,AK,2015,119.64099730057177,1435.6919676068612,9.64,48.2,578.4000000000001,estimated_from_price
02,AK,2016,119.84425380686766,1438.131045682412,9.81,49.050000000000004,588.6,estimated_from_price
02,AK,2017,127.82773357788146,1533.9328029345775,10.52,52.599999999999994,631.1999999999999,estimated_from_price
02,AK,2018,125.56748491150945,1506.8098189381135,10.99,54.95,659.4,estimated_from_price
02,AK,2019,127.29066565268992,1527.487987832279,11.11,55.55,666.5999999999999,estimated_from_price
02,AK,2020,124.66001285923369,1495.9201543108043,11.14,55.7,668.4000000000001,estimated_from_price
02,AK,2021,,,10.94,54.699999999999996,656.4,estimated_from_price
02,AK,2022,,,11.08,55.4,664.8,estimated_from_price
02,AK,2023,,,11.39,56.95,683.4000000000001,estimated_from_price
04,AZ,2008,112.46540144214765,1349.5848173057718,17.6,88.0,1056.0,estimated_from_price
04,AZ,2009,115.42005796035163,1385.0406955242195,17.65,88.25,1059.0,estimated_from_price
04,AZ,2010,116.08797569610157,1393.0557083532187,15.87,79.35,952.1999999999999,estimated_from_price
04,AZ,2011,118.61873375612385,1423.4248050734861,15.04,75.19999999999999,902.4,estimated_from_price
04,AZ,2012,119.84008717899928,1438.0810461479914,15.75,78.75,945.0,estimated_from_price
04,AZ,2013,122.84882317498513,1474.1858780998216,13.92,69.6,835.2,estimated_from_price
04,AZ,2014,120.5059008786635,1446.070810543962,17.2,86.0,1032.0,estimated_from_price
04,AZ,2015,124.67458072461822,1496.0949686954186,17.04,85.19999999999999,1022.4,estimated_from_price
04,AZ,2016,125.188374530516,1502.260494366192,15.28,76.39999999999999,916.8,estimated_from_price
04,AZ,2017,128.39869818939079,1540.7843782726895,15.78,78.89999999999999,946.8,estimated_from_price
04,AZ,2018,131.3104625061246,1575.725550073495,15.35,76.75,921.0,estimated_from_price
04,AZ,2019,126.08897384663608,1513.067686159633,13.46,67.30000000000001,807.6,estimated_from_price
04,AZ,2020,136.6969071415098,1640.3628856981177,13.1,65.5,786.0,estimated_from_price
04,AZ,2021,,,15.52,77.6,931.1999999999999,estimated_from_price
04,AZ,2022,,,17.81,89.05,1068.6,estimated_from_price
04,AZ,2023,,,19.44,97.2,1166.4,estimated_from_price
05,AR,2008,102.68615510782058,1232.233861293847,14.09,70.45,845.4,estimated_from_price
05,AR,2009,98.37697075604486,1180.5236490725383,13.39,66.95,803.4000000000001,estimated_from_price
05,AR,2010,107.2784697690487,1287.3416372285844,11.53,57.65,691.8,estimated_from_price
05,AR,2011,106.26702381866556,1275.2042858239868,11.46,57.300000000000004,687.6,estimated_from_price
05,AR,2012,104.13560794522755,1249.6272953427306,11.82,59.1,709.2,estimated_from_price
05,AR,2013,108.63844350889765,1303.6613221067719,10.46,52.300000000000004,627.6,estimated_from_price
05,AR,2014,108.62901289136356,1303.5481546963626,10.39,51.95,623.4000000000001,estimated_from_price
05,AR,2015,110.2158760719356,1322.590512863227,11.58,57.9,694.8,estimated_from_price
05,AR,2016,107.44469696471607,1289.336363576593,11.17,55.85,670.2,estimated_from_price
05,AR,2017,105.64474428150807,1267.7369313780969,12.97,64.85000000000001,778.2,estimated_from_price
05,AR,2018,113.36275177823971,1360.3530213388765,11.77,58.849999999999994,706.1999999999999,estimated_from_price
05,AR,2019,109.46252454893202,1313.5502945871842,11.05,55.25,663.0,estimated_from_price
05,AR,2020,110.33104820927868,1323.9725785113442,12.28,61.4,736.8,estimated_from_price
05,AR,2021,,,12.55,62.75,753.0,estimated_from_price
05,AR,2022,,,16.95,84.75,1017.0,estimated_from_price
05,AR,2023,,,17.86,89.3,1071.6,estimated_from_price
06,CA,2008,81.09900847520207,973.1881017024248,12.75,63.75,765.0,estimated_from_price
06,CA,2009,85.44876223166285,1025.3851467799543,9.43,47.15,565.8,estimated_from_price
06,CA,2010,82.85480076319097,994.2576091582916,9.92,49.6,595.2,estimated_from_price
06,CA,2011,83.70482509906704,1004.4579011888045,9.93,49.65,595.8,estimated_from_price
06,CA,2012,87.9107782973043,1054.9293395676516,9.14,45.7,548.4000000000001,estimated_from_price
06,CA,2013,91.03166268193252,1092.3799521831902,9.92,49.6,595.2,estimated_from_price
06,CA,2014,91.26256368027079,1095.1507641632495,11.51,57.55,690.6,estimated_from_price
06,CA,2015,94.5880083559256,1135.0561002711072,11.39,56.95,683.4000000000001,estimated_from_price
06,CA,2016,95.2004714270956,1142.4056571251472,11.84,59.2,710.4,estimated_from_price
06,CA,2017,101.49400102866572,1217.9280123439887,12.49,62.45,749.4,estimated_from_price
06,CA,2018,102.89918764796391,1234.790251775567,12.3,61.5,738.0,estimated_from_price
06,CA,2019,101.91645328617149,1222.997439434058,12.95,64.75,777.0,estimated_from_price
06,CA,2020,116.93596137851927,1403.2315365422312,14.14,70.7,848.4000000000001,estimated_from_price
06,CA,2021,,,16.34,81.7,980.4,estimated_from_price
06,CA,2022,,,20.15,100.75,1209.0,estimated_from_price
06,CA,2023,,,21.84,109.2,1310.4,estimated_from_price
08,CO,2008,68.80149819626911,825.6179783552293,9.77,48.849999999999994,586.1999999999999,estimated_from_price
08,CO,2009,68.6871741152027,824.2460893824323,8.8,44.0,528.0,estimated_from_price
08,CO,2010,78.21828477269122,938.6194172722946,8.13,40.650000000000006,487.80000000000007,estimated_from_price
08,CO,2011,80.11852291084985,961.4222749301982,8.25,41.25,495.0,estimated_from_price
08,CO,2012,80.93959584804318,971.2751501765182,8.28,41.4,496.79999999999995,estimated_from_price
08,CO,2013,84.90641270602227,1018.8769524722672,7.85,39.25,471.0,estimated_from_price
08,CO,2014,83.72532124925539,1004.7038549910646,8.89,44.45,533.4000000000001,estimated_from_price
08,CO,2015,83.4181371612995,1001.0176459355939,8.27,41.349999999999994,496.2,estimated_from_price
08,CO,2016,83.84626037800633,1006.1551245360761,7.35,36.75,441.0,estimated_from_price
08,CO,2017,82.46655462126118,989.5986554551341,8.08,40.4,484.8,estimated_from_price
08,CO,2018,83.89923230836932,1006.7907877004318,7.74,38.7,464.40000000000003,estimated_from_price
08,CO,2019,83.06615772860725,996.793892743287,7.77,38.849999999999994,466.2,estimated_from_price
08,CO,2020,87.88057359801063,1054.5668831761275,7.22,36.1,433.2,estimated_from_price
08,CO,2021,,,9.11,45.55,546.5999999999999,estimated_from_price
08,CO,2022,,,12.72,63.6,763.2,estimated_from_price
08,CO,2023,,,11.88,59.400000000000006,712.8000000000001,estimated_from_price
09,CT,2008,142.7757079499752,1713.3084953997027,17.85,89.25,1071.0,estimated_from_price
09,CT,2009,147.25536937870675,1767.064432544481,14.81,74.05,888.6,estimated_from_price
09,CT,2010,144.32957617903563,1731.9549141484276,14.93,74.65,895.8,estimated_from_price
09,CT,2011,134.0668728299208,1608.8024739590496,13.83,69.15,829.8,estimated_from_price
09,CT,2012,126.75400032951775,1521.048003954213,14.17,70.85,850.2,estimated_from_price
09,CT,2013,132.0664168092247,1584.7970017106963,13.32,66.6,799.2,estimated_from_price
09,CT,2014,144.10188004386762,1729.2225605264116,14.13,70.65,847.8000000000001,estimated_from_price
09,CT,2015,153.13042760015375,1837.565131201845,12.5,62.5,750.0,estimated_from_price
09,CT,2016,142.18863047878997,1706.2635657454798,12.91,64.55,774.6,estimated_from_price
09,CT,2017,139.97011409866113,1679.6413691839334,13.95,69.75,837.0,estimated_from_price
09,CT,2018,153.46086090253314,1841.5303308303978,13.92,69.6,835.2,estimated_from_price
09,CT,2019,150.71467524749067,1808.576102969888,14.61,73.05,876.5999999999999,estimated_from_price
09,CT,2020,161.54738550919765,1938.568626110372,14.68,73.4,880.8,estimated_from_price
09,CT,2021,,,16.06,80.3,963.5999999999999,estimated_from_price
09,CT,2022,,,18.36,91.8,1101.6,estimated_from_price
09,CT,2023,,,18.88,94.39999999999999,1132.8,estimated_from_price
10,DE,2008,131.22793360727562,1574.7352032873073,16.07,80.35,964.2,estimated_from_price
10,DE,2009,129.07403081485694,1548.8883697782833,17.79,88.94999999999999,1067.3999999999999,estimated_from_price
10,DE,2010,138.23945463511345,1658.8734556213612,15.12,75.6,907.1999999999999,estimated_from_price
10,DE,2011,132.829618689019,1593.955424268228,15.38,76.9,922.8000000000001,estimated_from_price
10,DE,2012,127.92501462507312,1535.1001755008774,15.24,76.2,914.4,estimated_from_price
10,DE,2013,122.25054251885702,1467.0065102262843,13.65,68.25,819.0,estimated_from_price
10,DE,2014,126.25519008215791,1515.0622809858949,13.21,66.05000000000001,792.6,estimated_from_price
10,DE,2015,131.18129376337845,1574.1755251605414,12.62,63.099999999999994,757.1999999999999,estimated_from_price
10,DE,2016,127.03446444388258,1524.413573326591,11.88,59.400000000000006,712.8000000000001,estimated_from_price
10,DE,2017,121.72951612915845,1460.7541935499014,12.84,64.2,770.4,estimated_from_price
10,DE,2018,122.43486129770986,1469.2183355725183,12.6,63.0,756.0,estimated_from_price
10,DE,2019,119.16195889035379,1429.9435066842454,12.1,60.5,726.0,estimated_from_price
10,DE,2020,117.08580191032753,1405.0296229239304,12.95,64.75,777.0,estimated_from_price
10,DE,2021,,,13.14,65.7,788.4000000000001,estimated_from_price
10,DE,2022,,,15.0,75.0,900.0,estimated_from_price
10,DE,2023,,,17.69,88.45,1061.4,estimated_from_price
11,DC,2008,93.97253755171276,1127.670450620553,16.49,82.44999999999999,989.3999999999999,estimated_from_price
11,DC,2009,97.98206143238019,1175.7847371885623,13.92,69.6,835.2,estimated_from_price
11,DC,2010,108.93210283454187,1307.1852340145024,13.53,67.64999999999999,811.8,estimated_from_price
11,DC,2011,100.29563448826904,1203.5476138592285,13.06,65.3,783.6,estimated_from_price
11,DC,2012,88.51220038868495,1062.1464046642193,12.1,60.5,726.0,estimated_from_price
11,DC,2013,90.50542094095182,1086.065051291422,12.45,62.25,747.0,estimated_from_price
11,DC,2014,91.90428443107517,1102.851413172902,13.05,65.25,783.0,estimated_from_price
11,DC,2015,109.20862815140482,1310.503537816858,11.98,59.900000000000006,718.8000000000001,estimated_from_price
11,DC,2016,98.79063348137181,1185.4876017764618,10.9,54.5,654.0,estimated_from_price
11,DC,2017,96.51845093874947,1158.2214112649935,12.53,62.65,751.8,estimated_from_price
11,DC,2018,101.01154473143418,1212.1385367772102,11.78,58.9,706.8,estimated_from_price
11,DC,2019,97.62485076715426,1171.498209205851,12.81,64.05,768.6,estimated_from_price
11,DC,2020,88.89192997918288,1066.7031597501946,11.92,59.6,715.2,estimated_from_price
11,DC,2021,,,14.29,71.44999999999999,857.4,estimated_from_price
11,DC,2022,,,16.68,83.4,1000.8,estimated_from_price
11,DC,2023,,,16.79,83.94999999999999,1007.4,estimated_from_price
12,FL,2008,130.5150556030291,1566.1806672363493,21.07,105.35,1264.2,estimated_from_price
12,FL,2009,140.32743433647008,1683.9292120376408,20.18,100.9,1210.8,estimated_from_price
12,FL,2010,136.61141961977538,1639.3370354373046,17.89,89.45,1073.4,estimated_from_price
12,FL,2011,130.10291912880123,1561.235029545615,18.16,90.8,1089.6,estimated_from_price
12,FL,2012,123.44817191768804,1481.3780630122565,18.34,91.7,1100.4,estimated_from_price
12,FL,2013,121.53241014511191,1458.388921741343,18.46,92.30000000000001,1107.6000000000001,estimated_from_price
12,FL,2014,129.85516097515622,1558.2619317018748,19.02,95.1,1141.2,estimated_from_price
12,FL,2015,132.16423413130966,1585.970809575716,19.34,96.7,1160.4,estimated_from_price
12,FL,2016,123.3737400830279,1480.4848809963348,20.27,101.35,1216.2,estimated_from_price
12,FL,2017,126.43649152231482,1517.2378982677778,21.15,105.75,1269.0,estimated_from_price
12,FL,2018,128.10186229711303,1537.2223475653564,21.34,106.7,1280.4,estimated_from_price
12,FL,2019,129.65181020058236,1555.8217224069883,21.66,108.3,1299.6,estimated_from_price
12,FL,2020,128.6358901066055,1543.630681279266,21.38,106.89999999999999,1282.8,estimated_from_price
12,FL,2021,,,22.9,114.5,1374.0,estimated_from_price
12,FL,2022,,,26.34,131.7,1580.4,estimated_from_price
12,FL,2023,,,25.17,125.85000000000001,1510.2,estimated_from_price
13,GA,2008,113.95690077936223,1367.4828093523467,18.26,91.30000000000001,1095.6000000000001,estimated_from_price
13,GA,2009,114.64140912057901,1375.6969094469482,16.3,81.5,978.0,estimated_from_price
13,GA,2010,127.40808070094516,1528.896968411342,15.17,75.85,910.2,estimated_from_price
13,GA,2011,131.15075711013432,1573.8090853216117,15.72,78.60000000000001,943.2,estimated_from_price
13,GA,2012,122.72951002068537,1472.7541202482244,16.23,81.15,973.8000000000001,estimated_from_price
13,GA,2013,124.66938739616938,1496.0326487540326,14.6,73.0,876.0,estimated_from_price
13,GA,2014,134.14253981352766,1609.710477762332,14.45,72.25,867.0,estimated_from_price
13,GA,2015,129.46055660789048,1553.526679294686,14.62,73.1,877.1999999999999,estimated_from_price
13,GA,2016,130.8683540305707,1570.4202483668487,14.56,72.8,873.6,estimated_from_price
13,GA,2017,126.38354049059761,1516.6024858871713,16.93,84.65,1015.8,estimated_from_price
13,GA,2018,131.05366663749822,1572.6439996499787,13.98,69.9,838.8000000000001,estimated_from_price
13,GA,2019,131.8356526014497,1582.0278312173964,14.88,74.4,892.8000000000001,estimated_from_price
13,GA,2020,129.91581374733116,1558.9897649679738,15.45,77.25,927.0,estimated_from_price
13,GA,2021,,,15.91,79.55,954.6,estimated_from_price
13,GA,2022,,,18.06,90.3,1083.6,estimated_from_price
13,GA,2023,,,19.03,95.15,1141.8000000000002,estimated_from_price
15,HI,2008,203.94298960784508,2447.315875294141,44.57,222.85,2674.2,estimated_from_price
15,HI,2009,149.25326738413068,1791.039208609568,36.37,181.85,2182.2,estimated_from_price
15,HI,2010,168.8649389243743,2026.3792670924913,44.5,222.5,2670.0,estimated_from_price
15,HI,2011,202.71648492367433,2432.597819084092,55.28,276.4,3316.8,estimated_from_price
15,HI,2012,203.15275381384072,2437.8330457660886,52.86,264.3,3171.6,estimated_from_price
15,HI,2013,190.36339588275496,2284.3607505930595,49.13,245.65,2947.8,estimated_from_price
15,HI,2014,187.58722042424014,2251.0466450908816,47.51,237.54999999999998,2850.6,estimated_from_price
15,HI,2015,152.11783190416938,1825.4139828500324,40.08,200.39999999999998,2404.7999999999997,estimated_from_price
15,HI,2016,138.72548678357361,1664.7058414028834,36.48,182.39999999999998,2188.7999999999997,estimated_from_price
15,HI,2017,149.3339138441829,1792.0069661301945,38.88,194.4,2332.8,estimated_from_price
15,HI,2018,168.13270649863463,2017.5924779836155,43.48,217.39999999999998,2608.7999999999997,estimated_from_price
15,HI,2019,168.21469960214623,2018.5763952257548,44.14,220.7,2648.4,estimated_from_price
15,HI,2020,162.6634796524299,1951.9617558291588,37.75,188.75,2265.0,estimated_from_price
15,HI,2021,,,46.99,234.95000000000002,2819.4,estimated_from_price
15,HI,2022,,,57.46,287.3,3447.6,estimated_from_price
15,HI,2023,,,53.1,265.5,3186.0,estimated_from_price
16,ID,2008,76.01450880637186,912.1741056764624,11.07,55.35,664.2,estimated_from_price
16,ID,2009,84.2681202913312,1011.2174434959744,10.54,52.699999999999996,632.4,estimated_from_price
16,ID,2010,81.458099211143,977.4971905337159,8.95,44.75,537.0,estimated_from_price
16,ID,2011,82.50067816372746,990.0081379647295,8.8,44.0,528.0,estimated_from_price
16,ID,2012,87.51789511827114,1050.2147414192536,8.26,41.3,495.59999999999997,estimated_from_price
16,ID,2013,98.35384449698695,1180.2461339638435,8.12,40.599999999999994,487.19999999999993,estimated_from_price
16,ID,2014,95.50501706802727,1146.0602048163273,8.54,42.699999999999996,512.4,estimated_from_price
16,ID,2015,95.00598999876921,1140.0718799852305,8.59,42.95,515.4,estimated_from_price
16,ID,2016,94.89744971641481,1138.7693965969777,8.14,40.7,488.40000000000003,estimated_from_price
16,ID,2017,100.37595569532103,1204.5114683438524,7.65,38.25,459.0,estimated_from_price
16,ID,2018,95.83949171134992,1150.073900536199,7.11,35.550000000000004,426.6,estimated_from_price
16,ID,2019,93.82930042596125,1125.951605111535,6.5,32.5,390.0,estimated_from_price
16,ID,2020,95.03788212773735,1140.4545855328481,6.73,33.650000000000006,403.8,estimated_from_price
16,ID,2021,,,7.0,35.0,420.0,estimated_from_price
16,ID,2022,,,7.97,39.85,478.2,estimated_from_price
16,ID,2023,,,9.75,48.75,585.0,estimated_from_price
17,IL,2008,84.62637334833882,1015.5164801800659,12.07,60.35,724.2,estimated_from_price
17,IL,2009,82.04480871495791,984.5377045794949,8.97,44.85,538.2,estimated_from_price
17,IL,2010,92.0275666909136,1104.3308002909632,9.39,46.95,563.4000000000001,estimated_from_price
17,IL,2011,90.7941442515028,1089.5297310180335,8.78,43.9,526.8,estimated_from_price
17,IL,2012,87.19777357927832,1046.37328295134,8.26,41.3,495.59999999999997,estimated_from_price
17,IL,2013,80.19330846258396,962.3197015510075,8.2,41.0,491.99999999999994,estimated_from_price
17,IL,2014,88.7771552126826,1065.3258625521912,9.59,47.95,575.4,estimated_from_price
17,IL,2015,89.91358012996426,1078.962961559571,7.97,39.85,478.2,estimated_from_price
17,IL,2016,91.82993755249807,1101.9592506299769,7.88,39.4,472.8,estimated_from_price
17,IL,2017,89.62680235717106,1075.5216282860526,8.83,44.15,529.8,estimated_from_price
17,IL,2018,94.9750890415288,1139.7010684983456,8.15,40.75,489.0,estimated_from_price
17,IL,2019,92.37202643373509,1108.464317204821,8.04,40.199999999999996,482.4,estimated_from_price
17,IL,2020,93.98261296236991,1127.791355548439,7.94,39.7,476.40000000000003,estimated_from_price
17,IL,2021,,,10.51,52.55,630.6,estimated_from_price
17,IL,2022,,,13.8,69.0,828.0,estimated_from_price
17,IL,2023,,,11.57,57.85,694.2,estimated_from_price
18,IN,2008,91.94062627143698,1103.2875152572437,12.65,63.25,759.0,estimated_from_price
18,IN,2009,94.29587823578409,1131.550538829409,10.81,54.050000000000004,648.6,estimated_from_price
18,IN,2010,101.7928283947471,1221.5139407369652,8.63,43.150000000000006,517.8000000000001,estimated_from_price
18,IN,2011,103.5386562880671,1242.4638754568052,9.46,47.300000000000004,567.6,estimated_from_price
18,IN,2012,104.93468742685337,1259.2162491222405,8.94,44.699999999999996,536.4,estimated_from_price
18,IN,2013,110.44130948858401,1325.2957138630081,8.43,42.15,505.79999999999995,estimated_from_price
18,IN,2014,115.5627617016081,1386.753140419297,9.02,45.099999999999994,541.1999999999999,estimated_from_price
18,IN,2015,111.50534732380679,1338.0641678856814,8.92,44.6,535.2,estimated_from_price
18,IN,2016,114.96235869744224,1379.5483043693068,7.92,39.6,475.2,estimated_from_price
18,IN,2017,114.03663374604663,1368.4396049525596,8.94,44.699999999999996,536.4,estimated_from_price
18,IN,2018,123.3942222150822,1480.7306665809863,8.72,43.6,523.2,estimated_from_price
18,IN,2019,120.73877396305524,1448.865287556663,8.68,43.4,520.8,estimated_from_price
18,IN,2020,120.33829566667329,1444.0595480000795,8.59,42.95,515.4,estimated_from_price
18,IN,2021,,,10.05,50.25,603.0,estimated_from_price
18,IN,2022,,,11.6,58.0,696.0,estimated_from_price
18,IN,2023,,,11.64,58.2,698.4000000000001,estimated_from_price
19,IA,2008,83.93778736390671,1007.2534483668805,11.91,59.55,714.6,estimated_from_price
19,IA,2009,86.25261985638429,1035.0314382766114,9.83,49.15,589.8,estimated_from_price
19,IA,2010,95.19206825434121,1142.3048190520944,9.57,47.85,574.2,estimated_from_price
19,IA,2011,93.93828882514164,1127.2594659016997,9.54,47.699999999999996,572.4,estimated_from_price
19,IA,2012,94.49651180332226,1133.958141639867,9.46,47.300000000000004,567.6,estimated_from_price
19,IA,2013,100.29808062311992,1203.576967477439,8.99,44.95,539.4,estimated_from_price
19,IA,2014,99.48508659210766,1193.821039105292,10.02,50.099999999999994,601.1999999999999,estimated_from_price
19,IA,2015,98.52763035038578,1182.3315642046293,8.51,42.55,510.59999999999997,estimated_from_price
19,IA,2016,103.17355482588148,1238.0826579105778,8.13,40.650000000000006,487.80000000000007,estimated_from_price
19,IA,2017,102.55120375438868,1230.6144450526642,9.3,46.5,558.0,estimated_from_price
19,IA,2018,109.27380674038817,1311.285680884658,8.94,44.699999999999996,536.4,estimated_from_price
19,IA,2019,108.03578756990116,1296.4294508388139,8.19,40.949999999999996,491.4,estimated_from_price
19,IA,2020,107.77671526816808,1293.320583218017,7.78,38.9,466.8,estimated_from_price
19,IA,2021,,,10.2,51.0,612.0,estimated_from_price
19,IA,2022,,,13.04,65.19999999999999,782.4,estimated_from_price
19,IA,2023,,,11.77,58.849999999999994,706.1999999999999,estimated_from_price
20,KS,2008,79.68389687989706,956.2067625587647,13.0,65.0,780.0,estimated_from_price
20,KS,2009,86.36841661416658,1036.420999369999,11.1,55.5,666.0,estimated_from_price
20,KS,2010,98.72625379625997,1184.7150455551196,10.61,53.05,636.5999999999999,estimated_from_price
20,KS,2011,104.69880833177693,1256.3856999813231,9.93,49.65,595.8,estimated_from_price
20,KS,2012,106.18842708518174,1274.261125022181,10.12,50.599999999999994,607.1999999999999,estimated_from_price
20,KS,2013,107.85135004381357,1294.2162005257628,10.19,50.949999999999996,611.4,estimated_from_price
20,KS,2014,112.9492450171894,1355.3909402062727,10.59,52.95,635.4,estimated_from_price
20,KS,2015,110.57748769446,1326.92985233352,10.17,50.85,610.2,estimated_from_price
20,KS,2016,117.34436368609283,1408.132364233114,9.85,49.25,591.0,estimated_from_price
20,KS,2017,114.65118255182152,1375.8141906218582,10.95,54.75,657.0,estimated_from_price
20,KS,2018,124.67589330755224,1496.1107196906269,10.18,50.9,610.8,estimated_from_price
20,KS,2019,113.25510835022936,1359.0613002027524,9.24,46.2,554.4,estimated_from_price
20,KS,2020,113.5173755248732,1362.2085062984784,9.37,46.849999999999994,562.1999999999999,estimated_from_price
20,KS,2021,,,11.11,55.55,666.5999999999999,estimated_from_price
20,KS,2022,,,14.36,71.8,861.5999999999999,estimated_from_price
20,KS,2023,,,14.55,72.75,873.0,estimated_from_price
21,KY,2008,94.63891231458689,1135.6669477750427,13.84,69.2,830.4,estimated_from_price
21,KY,2009,96.25620642170696,1155.0744770604836,11.97,59.85,718.2,estimated_from_price
21,KY,2010,107.76807933980639,1293.2169520776768,10.02,50.099999999999994,601.1999999999999,estimated_from_price
21,KY,2011,108.15565418025436,1297.8678501630523,10.44,52.199999999999996,626.4,estimated_from_price
21,KY,2012,106.54238740601726,1278.508648872207,10.19,50.949999999999996,611.4,estimated_from_price
21,KY,2013,112.95029828264639,1355.4035793917567,9.8,49.0,588.0,estimated_from_price
21,KY,2014,119.66214640385517,1435.9457568462622,10.62,53.099999999999994,637.1999999999999,estimated_from_price
21,KY,2015,114.71706004447027,1376.6047205336433,10.87,54.349999999999994,652.1999999999999,estimated_from_price
21,KY,2016,117.64655039100315,1411.7586046920378,10.14,50.7,608.4000000000001,estimated_from_price
21,KY,2017,114.15166837307454,1369.8200204768946,11.62,58.099999999999994,697.1999999999999,estimated_from_price
21,KY,2018,123.57193104364235,1482.8631725237083,10.56,52.800000000000004,633.6,estimated_from_price
21,KY,2019,120.07925622395646,1440.9510746874776,10.85,54.25,651.0,estimated_from_price
21,KY,2020,116.62326022513419,1399.4791227016103,11.14,55.7,668.4000000000001,estimated_from_price
21,KY,2021,,,12.21,61.050000000000004,732.6,estimated_from_price
21,KY,2022,,,14.58,72.9,874.8,estimated_from_price
21,KY,2023,,,15.5,77.5,930.0,estimated_from_price
22,LA,2008,128.76379128749468,1545.1654954499363,15.49,77.45,929.4,estimated_from_price
22,LA,2009,103.18806510131505,1238.2567812157806,13.15,65.75,789.0,estimated_from_price
22,LA,2010,123.96140262676614,1487.5368315211938,11.73,58.650000000000006,703.8000000000001,estimated_from_price
22,LA,2011,120.83654384613118,1450.0385261535741,11.37,56.849999999999994,682.1999999999999,estimated_from_price
22,LA,2012,104.99248953938904,1259.9098744726684,11.54,57.699999999999996,692.4,estimated_from_price
22,LA,2013,119.98253974884024,1439.790476986083,10.8,54.0,648.0,estimated_from_price
22,LA,2014,123.60732258986302,1483.2878710783561,10.89,54.45,653.4000000000001,estimated_from_price
22,LA,2015,120.02334749024673,1440.2801698829608,10.77,53.849999999999994,646.1999999999999,estimated_from_price
22,LA,2016,115.7921214054416,1389.5054568652993,11.35,56.75,681.0,estimated_from_price
22,LA,2017,115.53723810832771,1386.4468572999326,13.04,65.19999999999999,782.4,estimated_from_price
22,LA,2018,122.86190692012121,1474.3428830414546,11.65,58.25,699.0,estimated_from_price
22,LA,2019,120.70087671827332,1448.4105206192799,11.49,57.45,689.4,estimated_from_price
22,LA,2020,116.07072429033707,1392.8486914840448,12.16,60.8,729.6,estimated_from_price
22,LA,2021,,,12.87,64.35,772.1999999999999,estimated_from_price
22,LA,2022,,,15.89,79.45,953.4000000000001,estimated_from_price
22,LA,2023,,,16.27,81.35,976.1999999999999,estimated_from_price
23,ME,2008,84.6726721198943,1016.0720654387317,17.47,87.35,1048.1999999999998,estimated_from_price
23,ME,2009,81.53134277237707,978.3761132685249,16.43,82.15,985.8,estimated_from_price
23,ME,2010,81.83395866833423,982.0075040200109,14.14,70.7,848.4000000000001,estimated_from_price
23,ME,2011,80.09474787369801,961.1369744843762,14.2,71.0,852.0,estimated_from_price
23,ME,2012,77.7742254808626,933.2907057703512,15.94,79.7,956.4,estimated_from_price
23,ME,2013,79.13010062313032,949.5612074775638,15.21,76.05000000000001,912.6,estimated_from_price
23,ME,2014,83.90633310323756,1006.8759972388507,16.9,84.5,1013.9999999999999,estimated_from_price
23,ME,2015,86.75144430413359,1041.017331649603,16.79,83.94999999999999,1007.4,estimated_from_price
23,ME,2016,86.48222108778849,1037.7866530534618,13.82,69.1,829.2,estimated_from_price
23,ME,2017,87.20511581556917,1046.46138978683,14.61,73.05,876.5999999999999,estimated_from_price
23,ME,2018,96.33095160278445,1155.9714192334134,16.32,81.6,979.2,estimated_from_price
23,ME,2019,100.53059471341884,1206.367136561026,16.05,80.25,963.0,estimated_from_price
23,ME,2020,95.77203175395101,1149.2643810474121,14.88,74.4,892.8000000000001,estimated_from_price
23,ME,2021,,,16.54,82.69999999999999,992.4,estimated_from_price
23,ME,2022,,,20.73,103.65,1243.8,estimated_from_price
23,ME,2023,,,19.1,95.5,1146.0,estimated_from_price
24,MD,2008,143.69287698417253,1724.3145238100703,16.07,80.35,964.2,estimated_from_price
24,MD,2009,153.7346329188734,1844.8155950264807,13.73,68.65,823.8000000000001,estimated_from_price
24,MD,2010,156.9031104494036,1882.8373253928435,12.44,62.199999999999996,746.4,estimated_from_price
24,MD,2011,137.16641417743992,1645.996970129279,12.1,60.5,726.0,estimated_from_price
24,MD,2012,128.99757882529104,1547.9709459034925,12.17,60.85,730.2,estimated_from_price
24,MD,2013,136.62972273347552,1639.556672801706,11.67,58.35,700.2,estimated_from_price
24,MD,2014,139.67854934446314,1676.1425921335576,12.21,61.050000000000004,732.6,estimated_from_price
24,MD,2015,139.90918425434793,1678.9102110521753,12.03,60.15,721.8,estimated_from_price
24,MD,2016,141.53258975399945,1698.3910770479933,11.53,57.65,691.8,estimated_from_price
24,MD,2017,131.1596602496957,1573.9159229963484,12.97,64.85000000000001,778.2,estimated_from_price
24,MD,2018,133.6760532363394,1604.112638836073,11.79,58.949999999999996,707.4,estimated_from_price
24,MD,2019,127.92324733390434,1535.0789680068522,12.55,62.75,753.0,estimated_from_price
24,MD,2020,124.50239792768116,1494.028775132174,13.07,65.35,784.2,estimated_from_price
24,MD,2021,,,14.7,73.5,882.0,estimated_from_price
24,MD,2022,,,16.97,84.85,1018.1999999999999,estimated_from_price
24,MD,2023,,,17.35,86.75,1041.0,estimated_from_price
25,MA,2008,108.54986542797705,1302.5983851357246,17.18,85.9,1030.8,estimated_from_price
25,MA,2009,102.87360747712704,1234.4832897255244,14.85,74.25,891.0,estimated_from_price
25,MA,2010,97.3476197045644,1168.1714364547727,14.53,72.64999999999999,871.8,estimated_from_price
25,MA,2011,92.9166351097759,1114.9996213173108,13.81,69.05,828.6,estimated_from_price
25,MA,2012,93.5264219246049,1122.3170630952588,13.22,66.10000000000001,793.2,estimated_from_price
25,MA,2013,100.97102276971361,1211.6522732365634,13.49,67.45,809.4,estimated_from_price
25,MA,2014,106.93641990376922,1283.2370388452307,14.5,72.5,870.0,estimated_from_price
25,MA,2015,119.26473931137394,1431.1768717364873,13.02,65.1,781.1999999999999,estimated_from_price
25,MA,2016,113.767581888686,1365.210982664232,12.46,62.300000000000004,747.6,estimated_from_price
25,MA,2017,116.86189561391014,1402.3427473669217,13.32,66.6,799.2,estimated_from_price
25,MA,2018,131.198109025206,1574.377308302472,15.47,77.35000000000001,928.2,estimated_from_price
25,MA,2019,125.89092438680194,1510.6910926416233,14.72,73.60000000000001,883.2,estimated_from_price
25,MA,2020,132.1763762286536,1586.1165147438433,14.71,73.55000000000001,882.6,estimated_from_price
25,MA,2021,,,16.02,80.1,961.1999999999999,estimated_from_price
25,MA,2022,,,20.45,102.25,1227.0,estimated_from_price
25,MA,2023,,,21.44,107.2,1286.4,estimated_from_price
26,MI,2008,71.58354957629743,859.0025949155691,11.93,59.65,715.8,estimated_from_price
26,MI,2009,74.6914630872357,896.2975570468284,11.27,56.349999999999994,676.1999999999999,estimated_from_price
26,MI,2010,84.81771075030265,1017.8125290036319,11.32,56.6,679.2,estimated_from_price
26,MI,2011,90.62954209985277,1087.5545051982333,10.47,52.35,628.2,estimated_from_price
26,MI,2012,95.49653932838032,1145.9584719405639,9.95,49.75,597.0,estimated_from_price
26,MI,2013,96.9531428769708,1163.4377145236497,9.09,45.45,545.4,estimated_from_price
26,MI,2014,94.51503809311185,1134.1804571173423,9.33,46.65,559.8,estimated_from_price
26,MI,2015,93.60601028565505,1123.2721234278606,8.81,44.050000000000004,528.6,estimated_from_price
26,MI,2016,101.64063331205448,1219.6875997446537,8.21,41.050000000000004,492.6,estimated_from_price
26,MI,2017,97.40707082495362,1168.8848498994435,8.38,41.900000000000006,502.80000000000007,estimated_from_price
26,MI,2018,103.59254285104966,1243.110514212596,8.19,40.949999999999996,491.4,estimated_from_price
26,MI,2019,100.22719298345652,1202.7263158014782,8.08,40.4,484.8,estimated_from_price
26,MI,2020,109.85523840526389,1318.2628608631667,8.25,41.25,495.0,estimated_from_price
26,MI,2021,,,9.21,46.050000000000004,552.6,estimated_from_price
26,MI,2022,,,11.31,56.550000000000004,678.6,estimated_from_price
26,MI,2023,,,11.48,57.400000000000006,688.8000000000001,estimated_from_price
27,MN,2008,79.54836845938625,954.580421512635,11.29,56.449999999999996,677.4,estimated_from_price
27,MN,2009,80.47635385687865,965.7162462825438,8.99,44.95,539.4,estimated_from_price
27,MN,2010,86.18884161467686,1034.2660993761224,8.76,43.8,525.6,estimated_from_price
27,MN,2011,89.13560638086527,1069.6272765703832,8.85,44.25,531.0,estimated_from_price
27,MN,2012,90.06358306837392,1080.762996820487,7.99,39.95,479.40000000000003,estimated_from_price
27,MN,2013,96.50969452592727,1158.1163343111273,8.19,40.949999999999996,491.4,estimated_from_price
27,MN,2014,97.25981800562124,1167.117816067455,9.89,49.45,593.4000000000001,estimated_from_price
27,MN,2015,92.31940889570525,1107.832906748463,8.79,43.949999999999996,527.4,estimated_from_price
27,MN,2016,96.78998571056816,1161.479828526818,8.01,40.05,480.59999999999997,estimated_from_price
27,MN,2017,97.57845338597495,1170.9414406316994,8.47,42.35,508.20000000000005,estimated_from_price
27,MN,2018,103.33980629323197,1240.0776755187837,8.69,43.449999999999996,521.4,estimated_from_price
27,MN,2019,99.02197815225884,1188.263737827106,8.06,40.300000000000004,483.6,estimated_from_price
27,MN,2020,102.11422131683513,1225.3706558020215,8.04,40.199999999999996,482.4,estimated_from_price
27,MN,2021,,,9.4,47.0,564.0,estimated_from_price
27,MN,2022,,,12.12,60.599999999999994,727.1999999999999,estimated_from_price
27,MN,2023,,,11.95,59.75,717.0,estimated_from_price
28,MS,2008,127.95338854400165,1535.4406625280199,13.96,69.80000000000001,837.6,estimated_from_price
28,MS,2009,123.99638852693725,1487.956662323247,11.25,56.25,675.0,estimated_from_price
28,MS,2010,132.758308542955,1593.0997025154602,10.19,50.949999999999996,611.4,estimated_from_price
28,MS,2011,130.90059175694822,1570.8071010833787,9.47,47.35,568.2,estimated_from_price
28,MS,2012,122.4874481849614,1469.8493782195367,9.6,48.0,576.0,estimated_from_price
28,MS,2013,131.49322067234942,1577.918648068193,9.0,45.0,540.0,estimated_from_price
28,MS,2014,141.21641923535427,1694.5970308242513,9.51,47.55,570.6,estimated_from_price
28,MS,2015,137.23905466821265,1646.8686560185517,9.7,48.5,582.0,estimated_from_price
28,MS,2016,125.91466085204627,1510.9759302245552,10.06,50.300000000000004,603.6,estimated_from_price
28,MS,2017,125.3756097333132,1504.5073167997584,11.83,59.15,709.8,estimated_from_price
28,MS,2018,138.63485292480217,1663.618235097626,10.44,52.199999999999996,626.4,estimated_from_price
28,MS,2019,135.86735363147338,1630.4082435776804,10.58,52.9,634.8,estimated_from_price
28,MS,2020,128.0775992133414,1536.9311905600966,11.51,57.55,690.6,estimated_from_price
28,MS,2021,,,12.64,63.2,758.4000000000001,estimated_from_price
28,MS,2022,,,14.55,72.75,873.0,estimated_from_price
28,MS,2023,,,15.63,78.15,937.8000000000001,estimated_from_price
29,MO,2008,87.82529126311158,1053.903495157339,13.36,66.8,801.5999999999999,estimated_from_price
29,MO,2009,90.66094541319971,1087.9313449583965,12.61,63.05,756.5999999999999,estimated_from_price
29,MO,2010,104.6557205400432,1255.8686464805185,11.66,58.3,699.6,estimated_from_price
29,MO,2011,108.38505811356568,1300.6206973627882,12.02,60.099999999999994,721.1999999999999,estimated_from_price
29,MO,2012,107.80090569596094,1293.6108683515313,12.25,61.25,735.0,estimated_from_price
29,MO,2013,115.20528001051336,1382.4633601261603,10.88,54.400000000000006,652.8000000000001,estimated_from_price
29,MO,2014,116.46573373888175,1397.588804866581,10.83,54.15,649.8,estimated_from_price
29,MO,2015,115.80082741128075,1389.609928935369,11.6,58.0,696.0,estimated_from_price
29,MO,2016,116.62735420467679,1399.5282504561214,10.94,54.699999999999996,656.4,estimated_from_price
29,MO,2017,115.59597559064201,1387.1517070877042,11.78,58.9,706.8,estimated_from_price
29,MO,2018,126.78902954946399,1521.468354593568,10.37,51.849999999999994,622.1999999999999,estimated_from_price
29,MO,2019,117.82230025668628,1413.8676030802353,10.41,52.05,624.6,estimated_from_price
29,MO,2020,115.34566867025323,1384.1480240430387,10.39,51.95,623.4000000000001,estimated_from_price
29,MO,2021,,,10.87,54.349999999999994,652.1999999999999,estimated_from_price
29,MO,2022,,,14.29,71.44999999999999,857.4,estimated_from_price
29,MO,2023,,,17.17,85.85000000000001,1030.2,estimated_from_price
30,MT,2008,76.94576834199884,923.3492201039861,11.45,57.25,687.0,estimated_from_price
30,MT,2009,76.53666838281562,918.4400205937875,9.5,47.5,570.0,estimated_from_price
30,MT,2010,77.3741587906819,928.4899054881828,8.64,43.2,518.4000000000001,estimated_from_price
30,MT,2011,84.96519938803694,1019.5823926564433,8.8,44.0,528.0,estimated_from_price
30,MT,2012,84.88026557696115,1018.5631869235337,8.05,40.25,483.00000000000006,estimated_from_price
30,MT,2013,88.85209366125669,1066.2251239350803,8.19,40.949999999999996,491.4,estimated_from_price
30,MT,2014,86.92770301892006,1043.1324362270407,9.11,45.55,546.5999999999999,estimated_from_price
30,MT,2015,89.02803157639124,1068.336378916695,8.21,41.050000000000004,492.6,estimated_from_price
30,MT,2016,88.94693967858076,1067.3632761429692,7.27,36.349999999999994,436.2,estimated_from_price
30,MT,2017,94.75333109483232,1137.0399731379878,7.62,38.1,457.2,estimated_from_price
30,MT,2018,93.18595452767214,1118.2314543320656,7.32,36.6,439.20000000000005,estimated_from_price
30,MT,2019,95.42691434196554,1145.1229721035866,7.09,35.45,425.4,estimated_from_price
30,MT,2020,96.48813831002344,1157.8576597202814,7.22,36.1,433.2,estimated_from_price
30,MT,2021,,,8.86,44.3,531.5999999999999,estimated_from_price
30,MT,2022,,,10.42,52.1,625.2,estimated_from_price
30,MT,2023,,,10.17,50.85,610.2,estimated_from_price
31,NE,2008,80.4622641509434,965.5471698113208,11.11,55.55,666.5999999999999,estimated_from_price
31,NE,2009,85.48736925609528,1025.8484310731433,9.34,46.7,560.4,estimated_from_price
31,NE,2010,93.97410563711692,1127.689267645403,8.95,44.75,537.0,estimated_from_price
31,NE,2011,95.91818496632,1151.01821959584,8.84,44.2,530.4,estimated_from_price
31,NE,2012,100.46353239333239,1205.5623887199886,8.68,43.4,520.8,estimated_from_price
31,NE,2013,106.65394777030842,1279.847373243701,8.39,41.95,503.40000000000003,estimated_from_price
31,NE,2014,106.33218134181526,1275.986176101783,8.77,43.849999999999994,526.1999999999999,estimated_from_price
31,NE,2015,101.95726485378276,1223.4871782453931,8.86,44.3,531.5999999999999,estimated_from_price
31,NE,2016,105.47021438671459,1265.642572640575,8.01,40.05,480.59999999999997,estimated_from_price
31,NE,2017,104.95646097719818,1259.4775317263782,9.01,45.05,540.6,estimated_from_price
31,NE,2018,109.2721322637148,1311.2655871645775,8.54,42.699999999999996,512.4,estimated_from_price
31,NE,2019,108.075264808285,1296.90317769942,7.9,39.5,474.0,estimated_from_price
31,NE,2020,109.3909831699509,1312.6917980394107,8.04,40.199999999999996,482.4,estimated_from_price
31,NE,2021,,,9.59,47.95,575.4,estimated_from_price
31,NE,2022,,,12.83,64.15,769.8,estimated_from_price
31,NE,2023,,,13.1,65.5,786.0,estimated_from_price
32,NV,2008,113.67579066601814,1364.1094879922177,13.33,66.65,799.8,estimated_from_price
32,NV,2009,120.65653200016051,1447.8783840019262,13.18,65.9,790.8,estimated_from_price
32,NV,2010,113.02733662157537,1356.3280394589044,12.25,61.25,735.0,estimated_from_price
32,NV,2011,104.09948149590865,1249.1937779509037,10.66,53.3,639.6,estimated_from_price
32,NV,2012,110.57549489488544,1326.9059387386253,10.14,50.7,608.4000000000001,estimated_from_price
32,NV,2013,109.94052023103787,1319.2862427724544,9.42,47.1,565.2,estimated_from_price
32,NV,2014,115.64403643289046,1387.7284371946855,11.44,57.199999999999996,686.4,estimated_from_price
32,NV,2015,116.47391273463444,1397.6869528156133,11.82,59.1,709.2,estimated_from_price
32,NV,2016,105.4808057473606,1265.7696689683273,10.23,51.150000000000006,613.8000000000001,estimated_from_price
32,NV,2017,102.2944061216535,1227.532873459842,8.82,44.1,529.2,estimated_from_price
32,NV,2018,112.17748339894904,1346.1298007873884,9.24,46.2,554.4,estimated_from_price
32,NV,2019,106.82905448095539,1281.9486537714647,9.5,47.5,570.0,estimated_from_price
32,NV,2020,110.36197807537467,1324.343736904496,10.36,51.8,621.5999999999999,estimated_from_price
32,NV,2021,,,9.72,48.6,583.2,estimated_from_price
32,NV,2022,,,12.72,63.6,763.2,estimated_from_price
32,NV,2023,,,16.97,84.85,1018.1999999999999,estimated_from_price
33,NH,2008,96.65533452264746,1159.8640142717695,16.45,82.25,987.0,estimated_from_price
33,NH,2009,102.1583271308388,1225.8999255700655,15.33,76.65,919.8,estimated_from_price
33,NH,2010,102.11256014145482,1225.3507216974579,14.46,72.30000000000001,867.6,estimated_from_price
33,NH,2011,102.27866624856277,1227.3439949827532,14.67,73.35,880.2,estimated_from_price
33,NH,2012,98.80222105145945,1185.6266526175134,13.74,68.7,824.4,estimated_from_price
33,NH,2013,102.65525014302408,1231.8630017162889,13.84,69.2,830.4,estimated_from_price
33,NH,2014,108.56787881683948,1302.8145458020738,16.27,81.35,976.1999999999999,estimated_from_price
33,NH,2015,114.89674302223175,1378.760916266781,16.18,80.9,970.8,estimated_from_price
33,NH,2016,110.95175687703058,1331.421082524367,14.25,71.25,855.0,estimated_from_price
33,NH,2017,114.952794183286,1379.433530199432,14.55,72.75,873.0,estimated_from_price
33,NH,2018,122.27069618894514,1467.2483542673417,15.35,76.75,921.0,estimated_from_price
33,NH,2019,120.04303392920816,1440.516407150498,15.75,78.75,945.0,estimated_from_price
33,NH,2020,120.01448121863324,1440.1737746235988,14.66,73.3,879.6,estimated_from_price
33,NH,2021,,,16.31,81.55,978.5999999999999,estimated_from_price
33,NH,2022,,,20.51,102.55000000000001,1230.6000000000001,estimated_from_price
33,NH,2023,,,21.02,105.1,1261.2,estimated_from_price
34,NJ,2008,111.44187284164163,1337.3024740996996,15.21,76.05000000000001,912.6,estimated_from_price
34,NJ,2009,110.29026347409297,1323.4831616891156,14.54,72.69999999999999,872.4,estimated_from_price
34,NJ,2010,121.13433617765223,1453.6120341318267,12.84,64.2,770.4,estimated_from_price
34,NJ,2011,115.03361220982504,1380.4033465179004,11.78,58.9,706.8,estimated_from_price
34,NJ,2012,109.1021373336783,1309.2256480041397,11.09,55.45,665.4,estimated_from_price
34,NJ,2013,108.09858920941235,1297.1830705129482,10.89,54.45,653.4000000000001,estimated_from_price
34,NJ,2014,105.64649326557709,1267.7579191869252,9.69,48.449999999999996,581.4,estimated_from_price
34,NJ,2015,110.0392525966261,1320.4710311595131,8.32,41.6,499.20000000000005,estimated_from_price
34,NJ,2016,108.58476435372064,1303.0171722446478,8.3,41.5,498.00000000000006,estimated_from_price
34,NJ,2017,102.37526207170053,1228.5031448604063,9.14,45.7,548.4000000000001,estimated_from_price
34,NJ,2018,106.27744033799284,1275.329284055914,9.09,45.45,545.4,estimated_from_price
34,NJ,2019,105.06862887380031,1260.8235464856036,9.73,48.650000000000006,583.8000000000001,estimated_from_price
34,NJ,2020,109.5444621524,1314.5335458288,9.92,49.6,595.2,estimated_from_price
34,NJ,2021,,,10.26,51.3,615.6,estimated_from_price
34,NJ,2022,,,12.53,62.65,751.8,estimated_from_price
34,NJ,2023,,,13.21,66.05000000000001,792.6,estimated_from_price
35,NM,2008,63.24334100768109,758.920092092173,12.23,61.150000000000006,733.8000000000001,estimated_from_price
35,NM,2009,64.29932592781095,771.5919111337314,9.53,47.65,571.8,estimated_from_price
35,NM,2010,69.35063302456086,832.2075962947304,9.63,48.150000000000006,577.8000000000001,estimated_from_price
35,NM,2011,73.57330523784606,882.8796628541527,9.14,45.7,548.4000000000001,estimated_from_price
35,NM,2012,74.61509486807381,895.3811384168857,8.69,43.449999999999996,521.4,estimated_from_price
35,NM,2013,76.56424274296546,918.7709129155855,8.92,44.6,535.2,estimated_from_price
35,NM,2014,77.79221152464434,933.5065382957321,10.13,50.650000000000006,607.8000000000001,estimated_from_price
35,NM,2015,79.23118193775231,950.7741832530278,8.63,43.150000000000006,517.8000000000001,estimated_from_price
35,NM,2016,75.9604723040426,911.5256676485112,8.05,40.25,483.00000000000006,estimated_from_price
35,NM,2017,79.16178038228246,949.9413645873894,9.22,46.1,553.2,estimated_from_price
35,NM,2018,81.07768691260573,972.9322429512688,7.89,39.449999999999996,473.4,estimated_from_price
35,NM,2019,80.03551241631158,960.4261489957389,6.4,32.0,384.0,estimated_from_price
35,NM,2020,86.65770673613832,1039.8924808336599,7.04,35.2,422.4,estimated_from_price
35,NM,2021,,,9.77,48.849999999999994,586.1999999999999,estimated_from_price
35,NM,2022,,,12.51,62.55,750.6,estimated_from_price
35,NM,2023,,,11.66,58.3,699.6,estimated_from_price
36,NY,2008,108.47760801045428,1301.7312961254513,16.78,83.9,1006.8000000000001,estimated_from_price
36,NY,2009,101.72545364193839,1220.7054437032607,15.05,75.25,903.0,estimated_from_price
36,NY,2010,114.40210061487443,1372.8252073784931,14.04,70.19999999999999,842.4,estimated_from_price
36,NY,2011,111.58963125938772,1339.0755751126526,13.71,68.55000000000001,822.6,estimated_from_price
36,NY,2012,106.14325306601016,1273.7190367921219,12.97,64.85000000000001,778.2,estimated_from_price
36,NY,2013,113.16272962518066,1357.952755502168,12.49,62.45,749.4,estimated_from_price
36,NY,2014,118.62683201195885,1423.5219841435062,12.54,62.699999999999996,752.4,estimated_from_price
36,NY,2015,111.31584532132653,1335.7901438559184,11.2,56.0,672.0,estimated_from_price
36,NY,2016,104.57633605711517,1254.916032685382,10.84,54.2,650.4,estimated_from_price
36,NY,2017,103.2175538190938,1238.6106458291256,12.04,60.199999999999996,722.4,estimated_from_price
36,NY,2018,111.93098152954116,1343.1717783544939,12.37,61.849999999999994,742.1999999999999,estimated_from_price
36,NY,2019,103.60448857929993,1243.253862951599,12.61,63.05,756.5999999999999,estimated_from_price
36,NY,2020,110.4732495280531,1325.6789943366373,12.8,64.0,768.0,estimated_from_price
36,NY,2021,,,13.78,68.89999999999999,826.8,estimated_from_price
36,NY,2022,,,16.34,81.7,980.4,estimated_from_price
36,NY,2023,,,16.9,84.5,1013.9999999999999,estimated_from_price
37,NC,2008,106.61197909195015,1279.3437491034017,16.58,82.89999999999999,994.8,estimated_from_price
37,NC,2009,112.29612531228331,1347.5535037473996,14.25,71.25,855.0,estimated_from_price
37,NC,2010,125.20274166137067,1502.432899936448,12.5,62.5,750.0,estimated_from_price
37,NC,2011,118.09375588523726,1417.125070622847,12.55,62.75,753.0,estimated_from_price
37,NC,2012,117.4525463915024,1409.4305566980288,12.19,60.949999999999996,731.4,estimated_from_price
37,NC,2013,120.5181881024116,1446.2182572289391,11.83,59.15,709.8,estimated_from_price
37,NC,2014,126.08766727175892,1513.052007261107,11.88,59.400000000000006,712.8000000000001,estimated_from_price
37,NC,2015,125.51498474953371,1506.1798169944045,11.57,57.85,694.2,estimated_from_price
37,NC,2016,121.43603045409566,1457.232365449148,11.31,56.550000000000004,678.6,estimated_from_price
37,NC,2017,113.97709927802914,1367.7251913363498,13.29,66.44999999999999,797.4,estimated_from_price
37,NC,2018,125.16674285011054,1502.0009142013264,12.11,60.55,726.5999999999999,estimated_from_price
37,NC,2019,123.24586974072913,1478.9504368887497,12.88,64.4,772.8000000000001,estimated_from_price
37,NC,2020,118.43774511390893,1421.2529413669072,13.23,66.15,793.8000000000001,estimated_from_price
37,NC,2021,,,14.12,70.6,847.1999999999999,estimated_from_price
37,NC,2022,,,17.2,86.0,1032.0,estimated_from_price
37,NC,2023,,,17.33,86.64999999999999,1039.8,estimated_from_price
38,ND,2008,83.67528338980215,1004.1034006776258,10.34,51.7,620.4,estimated_from_price
38,ND,2009,87.16836296953271,1046.0203556343924,8.46,42.300000000000004,507.6,estimated_from_price
38,ND,2010,91.15659596804419,1093.8791516165302,8.08,40.4,484.8,estimated_from_price
38,ND,2011,98.45960649617926,1181.515277954151,8.1,40.5,486.0,estimated_from_price
38,ND,2012,98.85009151975338,1186.2010982370405,7.43,37.15,445.79999999999995,estimated_from_price
38,ND,2013,109.84659355038652,1318.1591226046382,7.43,37.15,445.79999999999995,estimated_from_price
38,ND,2014,113.388501572864,1360.662018874368,8.86,44.3,531.5999999999999,estimated_from_price
38,ND,2015,104.95597589239328,1259.4717107087195,8.15,40.75,489.0,estimated_from_price
38,ND,2016,106.2786297769977,1275.3435573239724,7.21,36.05,432.6,estimated_from_price
38,ND,2017,109.37926147699339,1312.5511377239206,7.64,38.199999999999996,458.4,estimated_from_price
38,ND,2018,114.5997780077854,1375.1973360934248,7.2,36.0,432.0,estimated_from_price
38,ND,2019,114.26794238490747,1371.2153086188896,7.0,35.0,420.0,estimated_from_price
38,ND,2020,113.26125702999867,1359.1350843599841,6.82,34.1,409.20000000000005,estimated_from_price
38,ND,2021,,,9.11,45.55,546.5999999999999,estimated_from_price
38,ND,2022,,,10.9,54.5,654.0,estimated_from_price
38,ND,2023,,,9.76,48.8,585.6,estimated_from_price
39,OH,2008,91.50243058699931,1098.0291670439917,14.53,72.64999999999999,871.8,estimated_from_price
39,OH,2009,93.64759832524418,1123.77117990293,12.68,63.4,760.8,estimated_from_price
39,OH,2010,105.28468111708513,1263.4161734050215,11.13,55.650000000000006,667.8000000000001,estimated_from_price
39,OH,2011,104.85601341845144,1258.2721610214173,10.78,53.9,646.8,estimated_from_price
39,OH,2012,105.22530080439269,1262.7036096527122,9.91,49.55,594.6,estimated_from_price
39,OH,2013,107.0744859270843,1284.8938311250115,9.46,47.300000000000004,567.6,estimated_from_price
39,OH,2014,112.62402897297419,1351.4883476756902,10.16,50.8,609.6,estimated_from_price
39,OH,2015,112.24678358127001,1346.9614029752402,9.51,47.55,570.6,estimated_from_price
39,OH,2016,111.15242489696664,1333.8290987635996,9.03,45.15,541.8,estimated_from_price
39,OH,2017,106.13254894032599,1273.5905872839119,9.72,48.6,583.2,estimated_from_price
39,OH,2018,114.80400736778819,1377.6480884134583,9.1,45.5,546.0,estimated_from_price
39,OH,2019,108.15335861240935,1297.8403033489121,9.58,47.9,574.8,estimated_from_price
39,OH,2020,107.29843454353266,1287.581214522392,9.53,47.65,571.8,estimated_from_price
39,OH,2021,,,11.08,55.4,664.8,estimated_from_price
39,OH,2022,,,13.07,65.35,784.2,estimated_from_price
39,OH,2023,,,13.67,68.35,820.2,estimated_from_price
40,OK,2008,101.3944971167161,1216.7339654005932,12.32,61.6,739.2,estimated_from_price
40,OK,2009,93.12973051022688,1117.5567661227226,11.39,56.95,683.4000000000001,estimated_from_price
40,OK,2010,108.60828039732964,1303.2993647679557,11.12,55.599999999999994,667.1999999999999,estimated_from_price
40,OK,2011,115.61290841117234,1387.3549009340682,10.32,51.6,619.2,estimated_from_price
40,OK,2012,107.59925587865392,1291.191070543847,11.1,55.5,666.0,estimated_from_price
40,OK,2013,110.4659793091894,1325.5917517102728,9.71,48.550000000000004,582.6,estimated_from_price
40,OK,2014,114.1674832627046,1370.0097991524551,10.1,50.5,606.0,estimated_from_price
40,OK,2015,110.8698031290375,1330.43763754845,10.24,51.2,614.4,estimated_from_price
40,OK,2016,111.48643007705466,1337.837160924656,10.57,52.85,634.2,estimated_from_price
40,OK,2017,110.26737154542212,1323.2084585450655,11.4,57.0,684.0,estimated_from_price
40,OK,2018,117.28324589136042,1407.398950696325,9.25,46.25,555.0,estimated_from_price
40,OK,2019,113.93405155953296,1367.2086187143955,9.4,47.0,564.0,estimated_from_price
40,OK,2020,109.06679497824996,1308.8015397389995,9.11,45.55,546.5999999999999,estimated_from_price
40,OK,2021,,,10.31,51.550000000000004,618.6,estimated_from_price
40,OK,2022,,,14.78,73.89999999999999,886.8,estimated_from_price
40,OK,2023,,,15.06,75.3,903.6,estimated_from_price
41,OR,2008,87.15978451868266,1045.9174142241918,13.89,69.45,833.4000000000001,estimated_from_price
41,OR,2009,88.2257250474522,1058.7087005694264,14.52,72.6,871.1999999999999,estimated_from_price
41,OR,2010,85.51509158156729,1026.1810989788075,12.49,62.45,749.4,estimated_from_price
41,OR,2011,94.50796659139098,1134.0955990966918,11.76,58.8,705.6,estimated_from_price
41,OR,2012,93.79670377396936,1125.5604452876323,11.22,56.1,673.2,estimated_from_price
41,OR,2013,96.576080448929,1158.912965387148,10.84,54.2,650.4,estimated_from_price
41,OR,2014,97.29315097819774,1167.517811738373,11.72,58.6,703.2,estimated_from_price
41,OR,2015,96.24314279679244,1154.9177135615093,12.49,62.45,749.4,estimated_from_price
41,OR,2016,96.712247937739,1160.546975252868,11.67,58.35,700.2,estimated_from_price
41,OR,2017,103.2565050721833,1239.0780608661996,10.59,52.95,635.4,estimated_from_price
41,OR,2018,98.99728037297741,1187.967364475729,10.65,53.25,639.0,estimated_from_price
41,OR,2019,100.34690586464814,1204.1628703757776,9.97,49.85,598.2,estimated_from_price
41,OR,2020,102.32054865067794,1227.8465838081352,10.91,54.55,654.6,estimated_from_price
41,OR,2021,,,11.76,58.8,705.6,estimated_from_price
41,OR,2022,,,12.83,64.15,769.8,estimated_from_price
41,OR,2023,,,15.77,78.85,946.1999999999999,estimated_from_price
42,PA,2008,97.753370353833,1173.040444245996,16.22,81.1,973.1999999999999,estimated_from_price
42,PA,2009,98.08722377502652,1177.0466853003181,14.74,73.7,884.4,estimated_from_price
42,PA,2010,111.50602300895058,1338.0722761074069,12.9,64.5,774.0,estimated_from_price
42,PA,2011,115.32816541700645,1383.9379850040773,12.46,62.300000000000004,747.6,estimated_from_price
42,PA,2012,106.77847698161376,1281.341723779365,11.99,59.95,719.4,estimated_from_price
42,PA,2013,109.65551186640057,1315.866142396807,11.63,58.150000000000006,697.8000000000001,estimated_from_price
42,PA,2014,113.71940288762666,1364.63283465152,11.77,58.849999999999994,706.1999999999999,estimated_from_price
42,PA,2015,116.62196062210654,1399.4635274652785,11.04,55.199999999999996,662.4,estimated_from_price
42,PA,2016,116.67014959081108,1400.041795089733,10.18,50.9,610.8,estimated_from_price
42,PA,2017,114.48346022443324,1373.8015226931989,11.4,57.0,684.0,estimated_from_price
42,PA,2018,120.04102457170377,1440.4922948604453,11.25,56.25,675.0,estimated_from_price
42,PA,2019,115.470245641619,1385.642947699428,11.7,58.5,702.0,estimated_from_price
42,PA,2020,114.90211557808406,1378.8253869370087,11.48,57.400000000000006,688.8000000000001,estimated_from_price
42,PA,2021,,,12.01,60.05,720.6,estimated_from_price
42,PA,2022,,,14.94,74.7,896.4,estimated_from_price
42,PA,2023,,,15.43,77.15,925.8,estimated_from_price
44,RI,2008,102.87719999752026,1234.5263999702431,16.89,84.45,1013.4000000000001,estimated_from_price
44,RI,2009,88.3622385455286,1060.3468625463431,17.06,85.3,1023.5999999999999,estimated_from_price
44,RI,2010,96.07804661308539,1152.9365593570246,16.48,82.4,988.8000000000001,estimated_from_price
44,RI,2011,86.4359549522466,1037.2314594269592,15.33,76.65,919.8,estimated_from_price
44,RI,2012,86.04242067939225,1032.509048152707,14.29,71.44999999999999,857.4,estimated_from_price
44,RI,2013,91.47577122670573,1097.7092547204688,14.55,72.75,873.0,estimated_from_price
44,RI,2014,100.08757159338528,1201.0508591206233,15.14,75.7,908.4000000000001,estimated_from_price
44,RI,2015,114.50048577397843,1374.005829287741,14.24,71.2,854.4,estimated_from_price
44,RI,2016,109.01802403762464,1308.2162884514958,13.8,69.0,828.0,estimated_from_price
44,RI,2017,105.75793901349122,1269.0952681618946,14.02,70.1,841.1999999999999,estimated_from_price
44,RI,2018,121.04708468607066,1452.565016232848,15.65,78.25,939.0,estimated_from_price
44,RI,2019,121.61726127229396,1459.4071352675276,15.36,76.8,921.5999999999999,estimated_from_price
44,RI,2020,130.7522576486032,1569.0270917832386,15.06,75.3,903.6,estimated_from_price
44,RI,2021,,,16.18,80.9,970.8,estimated_from_price
44,RI,2022,,,18.17,90.85000000000001,1090.2,estimated_from_price
44,RI,2023,,,20.52,102.6,1231.2,estimated_from_price
45,SC,2008,118.39709793783037,1420.7651752539643,16.84,84.2,1010.4,estimated_from_price
45,SC,2009,123.47019245168549,1481.642309420226,14.91,74.55,894.6,estimated_from_price
45,SC,2010,137.58877366699502,1651.0652840039402,13.01,65.05,780.6,estimated_from_price
45,SC,2011,135.01428683588816,1620.171442030658,12.93,64.65,775.8,estimated_from_price
45,SC,2012,131.6402636703099,1579.683164043719,13.25,66.25,795.0,estimated_from_price
45,SC,2013,134.85639751894072,1618.2767702272886,12.61,63.05,756.5999999999999,estimated_from_price
45,SC,2014,147.74094679671217,1772.891361560546,12.65,63.25,759.0,estimated_from_price
45,SC,2015,144.04206685224452,1728.5048022269343,12.62,63.099999999999994,757.1999999999999,estimated_from_price
45,SC,2016,146.0858750987465,1753.030501184958,12.62,63.099999999999994,757.1999999999999,estimated_from_price
45,SC,2017,140.80105864472512,1689.6127037367014,14.47,72.35000000000001,868.2,estimated_from_price
45,SC,2018,144.1963220097226,1730.355864116671,13.46,67.30000000000001,807.6,estimated_from_price
45,SC,2019,144.72556344043488,1736.7067612852186,13.07,65.35,784.2,estimated_from_price
45,SC,2020,138.15929889806003,1657.9115867767205,13.49,67.45,809.4,estimated_from_price
45,SC,2021,,,14.29,71.44999999999999,857.4,estimated_from_price
45,SC,2022,,,15.67,78.35,940.2,estimated_from_price
45,SC,2023,,,17.46,87.30000000000001,1047.6000000000001,estimated_from_price
46,SD,2008,83.56028282950545,1002.7233939540654,11.32,56.6,679.2,estimated_from_price
46,SD,2009,86.87675764194121,1042.5210917032946,9.14,45.7,548.4000000000001,estimated_from_price
46,SD,2010,93.40171521402395,1120.8205825682874,8.77,43.849999999999994,526.1999999999999,estimated_from_price
46,SD,2011,96.7809811361086,1161.371773633303,8.59,42.95,515.4,estimated_from_price
46,SD,2012,98.68284944348045,1184.1941933217654,8.39,41.95,503.40000000000003,estimated_from_price
46,SD,2013,108.21299583728045,1298.5559500473653,8.23,41.150000000000006,493.8,estimated_from_price
46,SD,2014,109.45339255809199,1313.440710697104,9.27,46.349999999999994,556.1999999999999,estimated_from_price
46,SD,2015,108.68432661987327,1304.2119194384793,8.3,41.5,498.00000000000006,estimated_from_price
46,SD,2016,112.52752725953012,1350.3303271143614,7.6,38.0,456.0,estimated_from_price
46,SD,2017,115.06213372872979,1380.7456047447574,8.18,40.9,490.79999999999995,estimated_from_price
46,SD,2018,121.15540005831146,1453.8648006997375,7.66,38.3,459.6,estimated_from_price
46,SD,2019,120.60139487149002,1447.2167384578802,7.29,36.45,437.4,estimated_from_price
46,SD,2020,121.77141917689899,1461.257030122788,7.11,35.550000000000004,426.6,estimated_from_price
46,SD,2021,,,9.75,48.75,585.0,estimated_from_price
46,SD,2022,,,10.99,54.95,659.4,estimated_from_price
46,SD,2023,,,10.41,52.05,624.6,estimated_from_price
47,TN,2008,116.02431024263694,1392.2917229116433,14.2,71.0,852.0,estimated_from_price
47,TN,2009,116.17460229663862,1394.0952275596635,12.15,60.75,729.0,estimated_from_price
47,TN,2010,128.58353913543638,1543.0024696252367,10.46,52.300000000000004,627.6,estimated_from_price
47,TN,2011,132.25746734595884,1587.0896081515061,10.21,51.050000000000004,612.6,estimated_from_price
47,TN,2012,122.97708879145277,1475.7250654974332,9.95,49.75,597.0,estimated_from_price
47,TN,2013,124.24739591226053,1490.9687509471264,9.44,47.199999999999996,566.4,estimated_from_price
47,TN,2014,132.7569619659341,1593.083543591209,10.13,50.650000000000006,607.8000000000001,estimated_from_price
47,TN,2015,128.51211389294318,1542.1453667153182,9.62,48.099999999999994,577.1999999999999,estimated_from_price
47,TN,2016,128.88602763515956,1546.6323316219148,9.21,46.050000000000004,552.6,estimated_from_price
47,TN,2017,123.30160944145723,1479.6193132974868,10.31,51.550000000000004,618.6,estimated_from_price
47,TN,2018,137.34738655766878,1648.1686386920255,9.46,47.300000000000004,567.6,estimated_from_price
47,TN,2019,132.3326012367652,1587.9912148411827,9.46,47.300000000000004,567.6,estimated_from_price
47,TN,2020,125.69760992674014,1508.3713191208817,8.97,44.85,538.2,estimated_from_price
47,TN,2021,,,10.29,51.449999999999996,617.4,estimated_from_price
47,TN,2022,,,12.45,62.25,747.0,estimated_from_price
47,TN,2023,,,11.68,58.4,700.8,estimated_from_price
48,TX,2008,147.19523744699754,1766.3428493639703,13.75,68.75,825.0,estimated_from_price
48,TX,2009,141.12194576518056,1693.4633491821667,11.19,55.949999999999996,671.4,estimated_from_price
48,TX,2010,138.98716631549985,1667.8459957859982,10.82,54.1,649.2,estimated_from_price
48,TX,2011,139.8085440276814,1677.7025283321768,10.21,51.050000000000004,612.6,estimated_from_price
48,TX,2012,128.26923658953703,1539.2308390744442,10.55,52.75,633.0,estimated_from_price
48,TX,2013,133.32706468750249,1599.92477625003,10.5,52.5,630.0,estimated_from_price
48,TX,2014,137.39047846930535,1648.6857416316643,11.16,55.8,669.6,estimated_from_price
48,TX,2015,135.99554345416482,1631.9465214499778,10.64,53.2,638.4000000000001,estimated_from_price
48,TX,2016,127.10454102676886,1525.2544923212263,11.73,58.650000000000006,703.8000000000001,estimated_from_price
48,TX,2017,122.4723377430988,1469.6680529171856,13.61,68.05,816.5999999999999,estimated_from_price
48,TX,2018,131.62595430437378,1579.5114516524854,11.42,57.1,685.2,estimated_from_price
48,TX,2019,134.0691753003387,1608.8301036040646,10.61,53.05,636.5999999999999,estimated_from_price
48,TX,2020,132.59141094747324,1591.0969313696787,11.64,58.2,698.4000000000001,estimated_from_price
48,TX,2021,,,13.77,68.85,826.1999999999999,estimated_from_price
48,TX,2022,,,16.52,82.6,991.1999999999999,estimated_from_price
48,TX,2023,,,17.39,86.95,1043.4,estimated_from_price
49,UT,2008,65.35535693561094,784.2642832273314,9.0,45.0,540.0,estimated_from_price
49,UT,2009,66.15667899835769,793.8801479802923,8.95,44.75,537.0,estimated_from_price
49,UT,2010,68.4339950872053,821.2079410464637,8.22,41.1,493.20000000000005,estimated_from_price
49,UT,2011,70.6104168339553,847.3250020074636,8.44,42.199999999999996,506.4,estimated_from_price
49,UT,2012,78.69828365230839,944.3794038277007,8.7,43.5,522.0,estimated_from_price
49,UT,2013,82.79215595149039,993.5058714178847,8.55,42.75,513.0,estimated_from_price
49,UT,2014,79.48618374756101,953.8342049707321,9.48,47.400000000000006,568.8000000000001,estimated_from_price
49,UT,2015,80.92142369460029,971.0570843352035,9.72,48.6,583.2,estimated_from_price
49,UT,2016,82.57496714893028,990.8996057871634,9.12,45.599999999999994,547.1999999999999,estimated_from_price
49,UT,2017,81.65050929879406,979.8061115855287,9.05,45.25,543.0,estimated_from_price
49,UT,2018,77.2453280692204,926.9439368306448,9.04,45.199999999999996,542.4,estimated_from_price
49,UT,2019,75.63242231072128,907.5890677286554,7.82,39.1,469.20000000000005,estimated_from_price
49,UT,2020,80.2384843098284,962.8618117179408,8.15,40.75,489.0,estimated_from_price
49,UT,2021,,,8.99,44.95,539.4,estimated_from_price
49,UT,2022,,,10.48,52.400000000000006,628.8000000000001,estimated_from_price
49,UT,2023,,,13.45,67.25,807.0,estimated_from_price
50,VT,2008,84.05977211215409,1008.7172653458491,18.31,91.55,1098.6,estimated_from_price
50,VT,2009,85.82584764492695,1029.9101717391234,17.29,86.44999999999999,1037.3999999999999,estimated_from_price
50,VT,2010,89.70868971551147,1076.5042765861376,16.14,80.7,968.4000000000001,estimated_from_price
50,VT,2011,93.18606954225352,1118.2328345070423,16.17,80.85000000000001,970.2,estimated_from_price
50,VT,2012,96.0903698478087,1153.0844381737045,16.73,83.65,1003.8000000000001,estimated_from_price
50,VT,2013,97.50391894843692,1170.047027381243,15.87,79.35,952.1999999999999,estimated_from_price
50,VT,2014,99.34460482249067,1192.135257869888,14.68,73.4,880.8,estimated_from_price
50,VT,2015,95.33049199940183,1143.965903992822,14.56,72.8,873.6,estimated_from_price
50,VT,2016,95.31373936845387,1143.7648724214464,14.15,70.75,849.0,estimated_from_price
50,VT,2017,95.01519643786996,1140.1823572544395,14.12,70.6,847.1999999999999,estimated_from_price
50,VT,2018,100.83122314668493,1209.9746777602193,13.65,68.25,819.0,estimated_from_price
50,VT,2019,97.1811942564362,1166.1743310772345,13.14,65.7,788.4000000000001,estimated_from_price
50,VT,2020,110.78999289052673,1329.4799146863209,13.21,66.05000000000001,792.6,estimated_from_price
50,VT,2021,,,14.01,70.05,840.6,estimated_from_price
50,VT,2022,,,15.51,77.55,930.6,estimated_from_price
50,VT,2023,,,17.14,85.7,1028.4,estimated_from_price
51,VA,2008,112.75232581596293,1353.0279097915552,16.19,80.95,971.4000000000001,estimated_from_price
51,VA,2009,124.05854325030724,1488.7025190036868,13.83,69.15,829.8,estimated_from_price
51,VA,2010,129.42790934160266,1553.1349120992318,12.73,63.650000000000006,763.8000000000001,estimated_from_price
51,VA,2011,125.8592358455321,1510.3108301463851,12.72,63.6,763.2,estimated_from_price
51,VA,2012,123.72033955175868,1484.6440746211042,12.42,62.1,745.2,estimated_from_price
51,VA,2013,125.36293954710685,1504.3552745652821,11.68,58.4,700.8,estimated_from_price
51,VA,2014,130.03900806253398,1560.4680967504078,12.07,60.35,724.2,estimated_from_price
51,VA,2015,130.58045572894392,1566.9654687473271,11.64,58.2,698.4000000000001,estimated_from_price
51,VA,2016,127.14461012067157,1525.7353214480588,10.88,54.400000000000006,652.8000000000001,estimated_from_price
51,VA,2017,124.53645385989056,1494.4374463186866,12.34,61.7,740.4,estimated_from_price
51,VA,2018,136.58644691911059,1639.037363029327,11.71,58.550000000000004,702.6,estimated_from_price
51,VA,2019,135.46395041538744,1625.5674049846493,12.62,63.099999999999994,757.1999999999999,estimated_from_price
51,VA,2020,131.7173884362502,1580.6086612350023,12.72,63.6,763.2,estimated_from_price
51,VA,2021,,,13.68,68.4,820.8,estimated_from_price
51,VA,2022,,,16.1,80.5,966.0000000000001,estimated_from_price
51,VA,2023,,,17.21,86.05000000000001,1032.6000000000001,estimated_from_price
53,WA,2008,81.89190426269819,982.7028511523783,13.06,65.3,783.6,estimated_from_price
53,WA,2009,83.70451094257577,1004.4541313109091,13.95,69.75,837.0,estimated_from_price
53,WA,2010,82.7525651430778,993.0307817169337,12.24,61.2,734.4,estimated_from_price
53,WA,2011,88.40980968514464,1060.9177162217356,12.3,61.5,738.0,estimated_from_price
53,WA,2012,88.46056100057488,1061.5267320068986,11.87,59.349999999999994,712.1999999999999,estimated_from_price
53,WA,2013,90.54841745809965,1086.5810094971957,11.37,56.849999999999994,682.1999999999999,estimated_from_price
53,WA,2014,87.14163461103057,1045.6996153323669,10.59,52.95,635.4,estimated_from_price
53,WA,2015,87.64320017018811,1051.7184020422574,11.81,59.050000000000004,708.6,estimated_from_price
53,WA,2016,90.55873039902106,1086.7047647882528,10.78,53.9,646.8,estimated_from_price
53,WA,2017,98.77664621022534,1185.319754522704,10.62,53.099999999999994,637.1999999999999,estimated_from_price
53,WA,2018,93.34115622336306,1120.0938746803567,10.28,51.4,616.8,estimated_from_price
53,WA,2019,94.48971784202634,1133.876614104316,9.82,49.1,589.2,estimated_from_price
53,WA,2020,95.72363250488127,1148.6835900585752,10.97,54.85,658.2,estimated_from_price
53,WA,2021,,,11.63,58.150000000000006,697.8000000000001,estimated_from_price
53,WA,2022,,,12.83,64.15,769.8,estimated_from_price
53,WA,2023,,,15.55,77.75,933.0,estimated_from_price
54,WV,2008,80.15235724348211,961.8282869217853,14.51,72.55,870.6,estimated_from_price
54,WV,2009,88.16045493524882,1057.9254592229859,14.75,73.75,885.0,estimated_from_price
54,WV,2010,105.05372057619428,1260.6446469143314,11.39,56.95,683.4000000000001,estimated_from_price
54,WV,2011,105.89422558511399,1270.7307070213678,10.91,54.55,654.6,estimated_from_price
54,WV,2012,106.14968546629808,1273.796225595577,10.77,53.849999999999994,646.1999999999999,estimated_from_price
54,WV,2013,106.43909525678687,1277.2691430814425,9.98,49.900000000000006,598.8000000000001,estimated_from_price
54,WV,2014,108.13711776256497,1297.6454131507796,10.21,51.050000000000004,612.6,estimated_from_price
54,WV,2015,111.5850529527454,1339.0206354329448,10.48,52.400000000000006,628.8000000000001,estimated_from_price
54,WV,2016,126.09840670250377,1513.1808804300451,9.26,46.3,555.6,estimated_from_price
54,WV,2017,119.30101211424811,1431.6121453709773,9.43,47.15,565.8,estimated_from_price
54,WV,2018,126.70136823434869,1520.4164188121842,9.84,49.2,590.4,estimated_from_price
54,WV,2019,121.89671348364827,1462.7605618037792,9.9,49.5,594.0,estimated_from_price
54,WV,2020,124.08744733433146,1489.0493680119775,10.11,50.55,606.5999999999999,estimated_from_price
54,WV,2021,,,10.46,52.300000000000004,627.6,estimated_from_price
54,WV,2022,,,12.08,60.4,724.8,estimated_from_price
54,WV,2023,,,15.61,78.05,936.5999999999999,estimated_from_price
55,WI,2008,81.7141359043059,980.5696308516708,12.81,64.05,768.6,estimated_from_price
55,WI,2009,82.28275819630767,987.393098355692,10.76,53.8,645.6,estimated_from_price
55,WI,2010,90.5892516200344,1087.0710194404128,10.34,51.7,620.4,estimated_from_price
55,WI,2011,92.385541372216,1108.626496466592,9.77,48.849999999999994,586.1999999999999,estimated_from_price
55,WI,2012,92.79471463700305,1113.5365756440367,9.27,46.349999999999994,556.1999999999999,estimated_from_price
55,WI,2013,95.21209238597953,1142.5451086317544,8.65,43.25,519.0,estimated_from_price
55,WI,2014,94.88351707373305,1138.6022048847965,10.52,52.599999999999994,631.1999999999999,estimated_from_price
55,WI,2015,94.26173103094663,1131.1407723713596,8.54,42.699999999999996,512.4,estimated_from_price
55,WI,2016,96.07696499196429,1152.9235799035714,8.07,40.35,484.20000000000005,estimated_from_price
55,WI,2017,94.66569153270696,1135.9882983924836,8.4,42.0,504.0,estimated_from_price
55,WI,2018,97.09276380476587,1165.1131656571904,8.04,40.199999999999996,482.4,estimated_from_price
55,WI,2019,95.51642283822748,1146.1970740587299,7.68,38.4,460.79999999999995,estimated_from_price
55,WI,2020,99.4180695618183,1193.0168347418196,7.52,37.599999999999994,451.2,estimated_from_price
55,WI,2021,,,9.74,48.7,584.4,estimated_from_price
55,WI,2022,,,11.34,56.7,680.4,estimated_from_price
55,WI,2023,,,10.9,54.5,654.0,estimated_from_price
56,WY,2008,73.56335923727005,882.7603108472406,10.16,50.8,609.6,estimated_from_price
56,WY,2009,76.1229212594417,913.4750551133004,9.39,46.95,563.4000000000001,estimated_from_price
56,WY,2010,77.42629227245479,929.1155072694575,8.58,42.9,514.8,estimated_from_price
56,WY,2011,82.2809005858811,987.3708070305731,8.72,43.6,523.2,estimated_from_price
56,WY,2012,85.34814241940444,1024.1777090328533,8.42,42.1,505.2,estimated_from_price
56,WY,2013,90.84621201200746,1090.1545441440894,8.27,41.349999999999994,496.2,estimated_from_price
56,WY,2014,90.59630438055096,1087.1556525666115,9.34,46.7,560.4,estimated_from_price
56,WY,2015,91.19082415574927,1094.2898898689912,9.33,46.65,559.8,estimated_from_price
56,WY,2016,94.66017917252309,1135.922150070277,8.51,42.55,510.59999999999997,estimated_from_price
56,WY,2017,97.1027240652041,1165.2326887824493,9.01,45.05,540.6,estimated_from_price
56,WY,2018,94.89575800734387,1138.7490960881264,8.6,43.0,516.0,estimated_from_price
56,WY,2019,96.53359089933463,1158.4030907920155,8.06,40.300000000000004,483.6,estimated_from_price
56,WY,2020,96.59009258689002,1159.0811110426803,8.84,44.2,530.4,estimated_from_price
56,WY,2021,,,10.04,50.199999999999996,602.4,estimated_from_price
56,WY,2022,,,13.4,67.0,804.0,estimated_from_price
56,WY,2023,,,13.72,68.60000000000001,823.2,estimated_from_price
