state_fips,year,contract_rent_monthly,gross_rent_monthly,contract_rent_annual,gross_rent_annual,state_abbr
01,2008,447,631,5364,7572,AL
01,2009,468,657,5616,7884,AL
01,2010,471,667,5652,8004,AL
01,2011,482,687,5784,8244,AL
01,2012,510,689,6120,8268,AL
01,2013,515,694,6180,8328,AL
01,2014,521,717,6252,8604,AL
01,2015,536,729,6432,8748,AL
01,2016,559,743,6708,8916,AL
01,2017,565,750,6780,9000,AL
01,2018,585,788,7020,9456,AL
01,2019,597,807,7164,9684,AL
01,2021,650,861,7800,10332,AL
01,2022,693,913,8316,10956,AL
01,2023,757,982,9084,11784,AL
02,2008,863,949,10356,11388,AK
02,2009,903,1007,10836,12084,AK
02,2010,904,981,10848,11772,AK
02,2011,945,1049,11340,12588,AK
02,2012,990,1120,11880,13440,AK
02,2013,1008,1117,12096,13404,AK
02,2014,1071,1183,12852,14196,AK
02,2015,1061,1163,12732,13956,AK
02,2016,1096,1208,13152,14496,AK
02,2017,1085,1201,13020,14412,AK
02,2018,1077,1177,12924,14124,AK
02,2019,1095,1201,13140,14412,AK
02,2021,1119,1259,13428,15108,AK
02,2022,1180,1329,14160,15948,AK
02,2023,1242,1373,14904,16476,AK
04,2008,738,866,8856,10392,AZ
04,2009,732,859,8784,10308,AZ
04,2010,709,844,8508,10128,AZ
04,2011,716,850,8592,10200,AZ
04,2012,740,888,8880,10656,AZ
04,2013,746,890,8952,10680,AZ
04,2014,766,916,9192,10992,AZ
04,2015,791,933,9492,11196,AZ
04,2016,824,976,9888,11712,AZ
04,2017,858,1020,10296,12240,AZ
04,2018,884,1036,10608,12432,AZ
04,2019,939,1101,11268,13212,AZ
04,2021,1099,1253,13188,15036,AZ
04,2022,1291,1450,15492,17400,AZ
04,2023,1438,1608,17256,19296,AZ
05,2008,435,606,5220,7272,AR
05,2009,435,606,5220,7272,AR
05,2010,468,638,5616,7656,AR
05,2011,467,639,5604,7668,AR
05,2012,480,640,5760,7680,AR
05,2013,489,659,5868,7908,AR
05,2014,506,683,6072,8196,AR
05,2015,521,695,6252,8340,AR
05,2016,535,701,6420,8412,AR
05,2017,548,711,6576,8532,AR
05,2018,559,731,6708,8772,AR
05,2019,576,742,6912,8904,AR
05,2021,625,820,7500,9840,AR
05,2022,654,846,7848,10152,AR
05,2023,721,933,8652,11196,AR
06,2008,1035,1135,12420,13620,CA
06,2009,1058,1155,12696,13860,CA
06,2010,1066,1163,12792,13956,CA
06,2011,1077,1174,12924,14088,CA
06,2012,1100,1200,13200,14400,CA
06,2013,1120,1224,13440,14688,CA
06,2014,1161,1268,13932,15216,CA
06,2015,1198,1311,14376,15732,CA
06,2016,1252,1375,15024,16500,CA
06,2017,1320,1447,15840,17364,CA
06,2018,1399,1520,16788,18240,CA
06,2019,1486,1614,17832,19368,CA
06,2021,1619,1750,19428,21000,CA
06,2022,1719,1870,20628,22440,CA
06,2023,1820,1992,21840,23904,CA
08,2008,739,848,8868,10176,CO
08,2009,753,851,9036,10212,CO
08,2010,756,863,9072,10356,CO
08,2011,799,900,9588,10800,CO
08,2012,825,934,9900,11208,CO
08,2013,858,971,10296,11652,CO
08,2014,898,1020,10776,12240,CO
08,2015,987,1111,11844,13332,CO
08,2016,1057,1171,12684,14052,CO
08,2017,1125,1240,13500,14880,CO
08,2018,1181,1289,14172,15468,CO
08,2019,1258,1369,15096,16428,CO
08,2021,1378,1491,16536,17892,CO
08,2022,1513,1646,18156,19752,CO
08,2023,1645,1771,19740,21252,CO
09,2008,813,970,9756,11640,CT
09,2009,839,1006,10068,12072,CT
09,2010,840,992,10080,11904,CT
09,2011,859,1021,10308,12252,CT
09,2012,871,1019,10452,12228,CT
09,2013,882,1040,10584,12480,CT
09,2014,901,1076,10812,12912,CT
09,2015,927,1108,11124,13296,CT
09,2016,948,1115,11376,13380,CT
09,2017,963,1125,11556,13500,CT
09,2018,989,1171,11868,14052,CT
09,2019,1011,1177,12132,14124,CT
09,2021,1102,1277,13224,15324,CT
09,2022,1158,1360,13896,16320,CT
09,2023,1233,1463,14796,17556,CT
10,2008,754,917,9048,11004,DE
10,2009,778,949,9336,11388,DE
10,2010,798,952,9576,11424,DE
10,2011,797,960,9564,11520,DE
10,2012,806,960,9672,11520,DE
10,2013,841,999,10092,11988,DE
10,2014,862,1024,10344,12288,DE
10,2015,877,1049,10524,12588,DE
10,2016,893,1048,10716,12576,DE
10,2017,935,1086,11220,13032,DE
10,2018,939,1108,11268,13296,DE
10,2019,959,1116,11508,13392,DE
10,2021,1046,1208,12552,14496,DE
10,2022,1109,1274,13308,15288,DE
10,2023,1177,1358,14124,16296,DE
11,2008,918,1011,11016,12132,DC
11,2009,961,1059,11532,12708,DC
11,2010,1107,1198,13284,14376,DC
11,2011,1131,1216,13572,14592,DC
11,2012,1158,1235,13896,14820,DC
11,2013,1222,1307,14664,15684,DC
11,2014,1267,1360,15204,16320,DC
11,2015,1326,1417,15912,17004,DC
11,2016,1290,1376,15480,16512,DC
11,2017,1408,1499,16896,17988,DC
11,2018,1421,1516,17052,18192,DC
11,2019,1514,1603,18168,19236,DC
11,2021,1586,1668,19032,20016,DC
11,2022,1768,1843,21216,22116,DC
11,2023,1806,1904,21672,22848,DC
12,2008,808,947,9696,11364,FL
12,2009,802,952,9624,11424,FL
12,2010,799,947,9588,11364,FL
12,2011,801,949,9612,11388,FL
12,2012,815,954,9780,11448,FL
12,2013,838,972,10056,11664,FL
12,2014,859,1003,10308,12036,FL
12,2015,890,1046,10680,12552,FL
12,2016,931,1086,11172,13032,FL
12,2017,975,1128,11700,13536,FL
12,2018,1034,1182,12408,14184,FL
12,2019,1097,1238,13164,14856,FL
12,2021,1202,1348,14424,16176,FL
12,2022,1367,1525,16404,18300,FL
12,2023,1553,1719,18636,20628,FL
13,2008,630,787,7560,9444,GA
13,2009,637,800,7644,9600,GA
13,2010,640,819,7680,9828,GA
13,2011,650,833,7800,9996,GA
13,2012,666,837,7992,10044,GA
13,2013,676,850,8112,10200,GA
13,2014,693,882,8316,10584,GA
13,2015,720,909,8640,10908,GA
13,2016,754,933,9048,11196,GA
13,2017,782,958,9384,11496,GA
13,2018,823,1008,9876,12096,GA
13,2019,857,1049,10284,12588,GA
13,2021,970,1153,11640,13836,GA
13,2022,1065,1269,12780,15228,GA
13,2023,1193,1400,14316,16800,GA
15,2008,1167,1298,14004,15576,HI
15,2009,1172,1293,14064,15516,HI
15,2010,1168,1291,14016,15492,HI
15,2011,1178,1308,14136,15696,HI
15,2012,1207,1379,14484,16548,HI
15,2013,1244,1414,14928,16968,HI
15,2014,1273,1448,15276,17376,HI
15,2015,1361,1500,16332,18000,HI
15,2016,1359,1483,16308,17796,HI
15,2017,1434,1573,17208,18876,HI
15,2018,1475,1613,17700,19356,HI
15,2019,1527,1651,18324,19812,HI
15,2021,1645,1774,19740,21288,HI
15,2022,1629,1813,19548,21756,HI
15,2023,1763,1940,21156,23280,HI
16,2008,590,690,7080,8280,ID
16,2009,587,694,7044,8328,ID
16,2010,576,683,6912,8196,ID
16,2011,580,689,6960,8268,ID
16,2012,602,702,7224,8424,ID
16,2013,610,725,7320,8700,ID
16,2014,635,755,7620,9060,ID
16,2015,658,770,7896,9240,ID
16,2016,676,790,8112,9480,ID
16,2017,698,822,8376,9864,ID
16,2018,728,848,8736,10176,ID
16,2019,776,880,9312,10560,ID
16,2021,906,1035,10872,12420,ID
16,2022,1003,1138,12036,13656,ID
16,2023,1114,1256,13368,15072,ID
17,2008,689,811,8268,9732,IL
17,2009,708,828,8496,9936,IL
17,2010,725,848,8700,10176,IL
17,2011,736,859,8832,10308,IL
17,2012,752,868,9024,10416,IL
17,2013,772,885,9264,10620,IL
17,2014,782,905,9384,10860,IL
17,2015,811,936,9732,11232,IL
17,2016,832,950,9984,11400,IL
17,2017,852,974,10224,11688,IL
17,2018,866,995,10392,11940,IL
17,2019,889,1020,10668,12240,IL
17,2021,966,1106,11592,13272,IL
17,2022,1008,1170,12096,14040,IL
17,2023,1083,1238,12996,14856,IL
18,2008,534,670,6408,8040,IN
18,2009,545,687,6540,8244,IN
18,2010,547,683,6564,8196,IN
18,2011,563,707,6756,8484,IN
18,2012,573,715,6876,8580,IN
18,2013,585,730,7020,8760,IN
18,2014,591,753,7092,9036,IN
18,2015,603,758,7236,9096,IN
18,2016,619,768,7428,9216,IN
18,2017,633,793,7596,9516,IN
18,2018,659,820,7908,9840,IN
18,2019,669,840,8028,10080,IN
18,2021,730,905,8760,10860,IN
18,2022,780,972,9360,11664,IN
18,2023,846,1044,10152,12528,IN
19,2008,479,607,5748,7284,IA
19,2009,496,611,5952,7332,IA
19,2010,509,629,6108,7548,IA
19,2011,520,643,6240,7716,IA
19,2012,536,661,6432,7932,IA
19,2013,554,679,6648,8148,IA
19,2014,570,711,6840,8532,IA
19,2015,594,718,7128,8616,IA
19,2016,611,741,7332,8892,IA
19,2017,628,760,7536,9120,IA
19,2018,638,777,7656,9324,IA
19,2019,660,808,7920,9696,IA
19,2021,704,847,8448,10164,IA
19,2022,741,891,8892,10692,IA
19,2023,783,949,9396,11388,IA
20,2008,496,654,5952,7848,KS
20,2009,515,671,6180,8052,KS
20,2010,520,682,6240,8184,KS
20,2011,537,709,6444,8508,KS
20,2012,552,711,6624,8532,KS
20,2013,569,745,6828,8940,KS
20,2014,591,773,7092,9276,KS
20,2015,601,782,7212,9384,KS
20,2016,616,789,7392,9468,KS
20,2017,636,815,7632,9780,KS
20,2018,649,840,7788,10080,KS
20,2019,673,862,8076,10344,KS
20,2021,717,904,8604,10848,KS
20,2022,772,975,9264,11700,KS
20,2023,817,1036,9804,12432,KS
21,2008,452,578,5424,6936,KY
21,2009,475,613,5700,7356,KY
21,2010,477,613,5724,7356,KY
21,2011,484,626,5808,7512,KY
21,2012,503,636,6036,7632,KY
21,2013,525,668,6300,8016,KY
21,2014,525,678,6300,8136,KY
21,2015,545,702,6540,8424,KY
21,2016,555,707,6660,8484,KY
21,2017,571,724,6852,8688,KY
21,2018,601,779,7212,9348,KY
21,2019,618,773,7416,9276,KY
21,2021,659,830,7908,9960,KY
21,2022,702,891,8424,10692,KY
21,2023,745,929,8940,11148,KY
22,2008,531,698,6372,8376,LA
22,2009,566,715,6792,8580,LA
22,2010,571,736,6852,8832,LA
22,2011,602,747,7224,8964,LA
22,2012,608,747,7296,8964,LA
22,2013,620,763,7440,9156,LA
22,2014,641,801,7692,9612,LA
22,2015,647,800,7764,9600,LA
22,2016,656,808,7872,9696,LA
22,2017,678,836,8136,10032,LA
22,2018,692,854,8304,10248,LA
22,2019,714,866,8568,10392,LA
22,2021,753,924,9036,11088,LA
22,2022,779,984,9348,11808,LA
22,2023,816,1020,9792,12240,LA
23,2008,614,702,7368,8424,ME
23,2009,626,722,7512,8664,ME
23,2010,618,707,7416,8484,ME
23,2011,660,747,7920,8964,ME
23,2012,668,744,8016,8928,ME
23,2013,668,760,8016,9120,ME
23,2014,677,776,8124,9312,ME
23,2015,700,792,8400,9504,ME
23,2016,712,797,8544,9564,ME
23,2017,720,806,8640,9672,ME
23,2018,747,839,8964,10068,ME
23,2019,766,870,9192,10440,ME
23,2021,848,945,10176,11340,ME
23,2022,904,1033,10848,12396,ME
23,2023,1027,1189,12324,14268,ME
24,2008,914,1074,10968,12888,MD
24,2009,941,1108,11292,13296,MD
24,2010,965,1131,11580,13572,MD
24,2011,989,1153,11868,13836,MD
24,2012,1023,1170,12276,14040,MD
24,2013,1072,1210,12864,14520,MD
24,2014,1092,1242,13104,14904,MD
24,2015,1133,1278,13596,15336,MD
24,2016,1160,1314,13920,15768,MD
24,2017,1193,1337,14316,16044,MD
24,2018,1217,1371,14604,16452,MD
24,2019,1255,1401,15060,16812,MD
24,2021,1321,1473,15852,17676,MD
24,2022,1388,1550,16656,18600,MD
24,2023,1473,1651,17676,19812,MD
25,2008,860,991,10320,11892,MA
25,2009,865,988,10380,11856,MA
25,2010,896,1009,10752,12108,MA
25,2011,911,1034,10932,12408,MA
25,2012,923,1036,11076,12432,MA
25,2013,958,1077,11496,12924,MA
25,2014,972,1107,11664,13284,MA
25,2015,1014,1164,12168,13968,MA
25,2016,1055,1179,12660,14148,MA
25,2017,1084,1208,13008,14496,MA
25,2018,1140,1295,13680,15540,MA
25,2019,1201,1360,14412,16320,MA
25,2021,1332,1487,15984,17844,MA
25,2022,1446,1634,17352,19608,MA
25,2023,1574,1757,18888,21084,MA
26,2008,589,706,7068,8472,MI
26,2009,591,716,7092,8592,MI
26,2010,599,730,7188,8760,MI
26,2011,605,739,7260,8868,MI
26,2012,616,748,7392,8976,MI
26,2013,629,768,7548,9216,MI
26,2014,641,788,7692,9456,MI
26,2015,660,803,7920,9636,MI
26,2016,676,818,8112,9816,MI
26,2017,693,835,8316,10020,MI
26,2018,710,861,8520,10332,MI
26,2019,740,888,8880,10656,MI
26,2021,805,969,9660,11628,MI
26,2022,865,1052,10380,12624,MI
26,2023,920,1101,11040,13212,MI
27,2008,665,734,7980,8808,MN
27,2009,683,757,8196,9084,MN
27,2010,690,764,8280,9168,MN
27,2011,707,787,8484,9444,MN
27,2012,730,813,8760,9756,MN
27,2013,753,832,9036,9984,MN
27,2014,768,859,9216,10308,MN
27,2015,805,888,9660,10656,MN
27,2016,830,912,9960,10944,MN
27,2017,859,939,10308,11268,MN
27,2018,876,969,10512,11628,MN
27,2019,929,1016,11148,12192,MN
27,2021,1011,1113,12132,13356,MN
27,2022,1087,1200,13044,14400,MN
27,2023,1144,1264,13728,15168,MN
28,2008,446,638,5352,7656,MS
28,2009,467,644,5604,7728,MS
28,2010,483,672,5796,8064,MS
28,2011,509,689,6108,8268,MS
28,2012,504,666,6048,7992,MS
28,2013,529,708,6348,8496,MS
28,2014,525,711,6300,8532,MS
28,2015,535,724,6420,8688,MS
28,2016,560,728,6720,8736,MS
28,2017,574,742,6888,8904,MS
28,2018,591,777,7092,9324,MS
28,2019,598,777,7176,9324,MS
28,2021,641,831,7692,9972,MS
28,2022,656,873,7872,10476,MS
28,2023,685,898,8220,10776,MS
29,2008,506,657,6072,7884,MO
29,2009,520,668,6240,8016,MO
29,2010,524,682,6288,8184,MO
29,2011,537,708,6444,8496,MO
29,2012,545,706,6540,8472,MO
29,2013,566,734,6792,8808,MO
29,2014,573,754,6876,9048,MO
29,2015,588,763,7056,9156,MO
29,2016,606,771,7272,9252,MO
29,2017,628,800,7536,9600,MO
29,2018,639,830,7668,9960,MO
29,2019,659,834,7908,10008,MO
29,2021,707,882,8484,10584,MO
29,2022,757,954,9084,11448,MO
29,2023,823,1019,9876,12228,MO
30,2008,515,631,6180,7572,MT
30,2009,533,627,6396,7524,MT
30,2010,552,642,6624,7704,MT
30,2011,551,650,6612,7800,MT
30,2012,590,681,7080,8172,MT
30,2013,600,690,7200,8280,MT
30,2014,623,711,7476,8532,MT
30,2015,671,763,8052,9156,MT
30,2016,655,741,7860,8892,MT
30,2017,667,759,8004,9108,MT
30,2018,707,811,8484,9732,MT
30,2019,735,831,8820,9972,MT
30,2021,786,883,9432,10596,MT
30,2022,871,1005,10452,12060,MT
30,2023,960,1083,11520,12996,MT
31,2008,506,626,6072,7512,NE
31,2009,518,644,6216,7728,NE
31,2010,542,669,6504,8028,NE
31,2011,542,673,6504,8076,NE
31,2012,566,692,6792,8304,NE
31,2013,574,714,6888,8568,NE
31,2014,597,742,7164,8904,NE
31,2015,611,750,7332,9000,NE
31,2016,633,769,7596,9228,NE
31,2017,657,801,7884,9612,NE
31,2018,679,830,8148,9960,NE
31,2019,714,859,8568,10308,NE
31,2021,761,912,9132,10944,NE
31,2022,826,983,9912,11796,NE
31,2023,874,1042,10488,12504,NE
32,2008,866,1011,10392,12132,NV
32,2009,849,993,10188,11916,NV
32,2010,811,952,9732,11424,NV
32,2011,800,936,9600,11232,NV
32,2012,800,944,9600,11328,NV
32,2013,815,952,9780,11424,NV
32,2014,813,955,9756,11460,NV
32,2015,838,980,10056,11760,NV
32,2016,866,1003,10392,12036,NV
32,2017,903,1051,10836,12612,NV
32,2018,963,1108,11556,13296,NV
32,2019,1032,1168,12384,14016,NV
32,2021,1163,1311,13956,15732,NV
32,2022,1307,1461,15684,17532,NV
32,2023,1425,1622,17100,19464,NV
33,2008,812,914,9744,10968,NH
33,2009,825,918,9900,11016,NH
33,2010,843,951,10116,11412,NH
33,2011,839,939,10068,11268,NH
33,2012,872,967,10464,11604,NH
33,2013,883,995,10596,11940,NH
33,2014,888,994,10656,11928,NH
33,2015,895,1017,10740,12204,NH
33,2016,913,1026,10956,12312,NH
33,2017,953,1072,11436,12864,NH
33,2018,959,1090,11508,13080,NH
33,2019,1001,1147,12012,13764,NH
33,2021,1141,1263,13692,15156,NH
33,2022,1231,1396,14772,16752,NH
33,2023,1324,1517,15888,18204,NH
34,2008,935,1068,11220,12816,NJ
34,2009,962,1108,11544,13296,NJ
34,2010,967,1114,11604,13368,NJ
34,2011,985,1135,11820,13620,NJ
34,2012,1012,1148,12144,13776,NJ
34,2013,1035,1171,12420,14052,NJ
34,2014,1070,1202,12840,14424,NJ
34,2015,1085,1214,13020,14568,NJ
34,2016,1125,1244,13500,14928,NJ
34,2017,1151,1284,13812,15408,NJ
34,2018,1188,1336,14256,16032,NJ
34,2019,1228,1376,14736,16512,NJ
34,2021,1318,1457,15816,17484,NJ
34,2022,1399,1555,16788,18660,NJ
34,2023,1498,1667,17976,20004,NJ
35,2008,563,668,6756,8016,NM
35,2009,585,680,7020,8160,NM
35,2010,596,699,7152,8388,NM
35,2011,618,729,7416,8748,NM
35,2012,633,753,7596,9036,NM
35,2013,651,772,7812,9264,NM
35,2014,655,777,7860,9324,NM
35,2015,662,783,7944,9396,NM
35,2016,682,804,8184,9648,NM
35,2017,697,813,8364,9756,NM
35,2018,707,830,8484,9960,NM
35,2019,737,847,8844,10164,NM
35,2021,777,906,9324,10872,NM
35,2022,816,955,9792,11460,NM
35,2023,915,1084,10980,13008,NM
36,2008,837,953,10044,11436,NY
36,2009,877,984,10524,11808,NY
36,2010,903,1020,10836,12240,NY
36,2011,941,1058,11292,12696,NY
36,2012,965,1079,11580,12948,NY
36,2013,992,1109,11904,13308,NY
36,2014,1030,1148,12360,13776,NY
36,2015,1058,1173,12696,14076,NY
36,2016,1086,1194,13032,14328,NY
36,2017,1116,1226,13392,14712,NY
36,2018,1158,1274,13896,15288,NY
36,2019,1190,1309,14280,15708,NY
36,2021,1274,1409,15288,16908,NY
36,2022,1354,1499,16248,17988,NY
36,2023,1406,1561,16872,18732,NY
37,2008,546,694,6552,8328,NC
37,2009,568,720,6816,8640,NC
37,2010,564,731,6768,8772,NC
37,2011,578,745,6936,8940,NC
37,2012,606,756,7272,9072,NC
37,2013,619,778,7428,9336,NC
37,2014,632,803,7584,9636,NC
37,2015,648,827,7776,9924,NC
37,2016,670,839,8040,10068,NC
37,2017,698,861,8376,10332,NC
37,2018,723,900,8676,10800,NC
37,2019,755,931,9060,11172,NC
37,2021,850,1026,10200,12312,NC
37,2022,945,1131,11340,13572,NC
37,2023,1062,1245,12744,14940,NC
38,2008,468,534,5616,6408,ND
38,2009,490,564,5880,6768,ND
38,2010,521,583,6252,6996,ND
38,2011,546,626,6552,7512,ND
38,2012,576,644,6912,7728,ND
38,2013,622,690,7464,8280,ND
38,2014,644,728,7728,8736,ND
38,2015,702,775,8424,9300,ND
38,2016,709,776,8508,9312,ND
38,2017,693,785,8316,9420,ND
38,2018,739,808,8868,9696,ND
38,2019,726,804,8712,9648,ND
38,2021,752,839,9024,10068,ND
38,2022,782,863,9384,10356,ND
38,2023,832,916,9984,10992,ND
39,2008,524,667,6288,8004,OH
39,2009,528,670,6336,8040,OH
39,2010,541,685,6492,8220,OH
39,2011,545,692,6540,8304,OH
39,2012,560,700,6720,8400,OH
39,2013,569,709,6828,8508,OH
39,2014,579,735,6948,8820,OH
39,2015,596,746,7152,8952,OH
39,2016,614,759,7368,9108,OH
39,2017,627,772,7524,9264,OH
39,2018,641,797,7692,9564,OH
39,2019,662,813,7944,9756,OH
39,2021,716,870,8592,10440,OH
39,2022,765,949,9180,11388,OH
39,2023,822,1014,9864,12168,OH
40,2008,462,614,5544,7368,OK
40,2009,481,636,5772,7632,OK
40,2010,499,659,5988,7908,OK
40,2011,509,675,6108,8100,OK
40,2012,528,686,6336,8232,OK
40,2013,546,705,6552,8460,OK
40,2014,566,737,6792,8844,OK
40,2015,590,759,7080,9108,OK
40,2016,590,744,7080,8928,OK
40,2017,620,780,7440,9360,OK
40,2018,631,808,7572,9696,OK
40,2019,644,814,7728,9768,OK
40,2021,689,855,8268,10260,OK
40,2022,744,937,8928,11244,OK
40,2023,802,1020,9624,12240,OK
41,2008,674,780,8088,9360,OR
41,2009,704,819,8448,9828,OR
41,2010,705,816,8460,9792,OR
41,2011,723,840,8676,10080,OR
41,2012,740,862,8880,10344,OR
41,2013,769,887,9228,10644,OR
41,2014,795,924,9540,11088,OR
41,2015,824,943,9888,11316,OR
41,2016,898,1015,10776,12180,OR
41,2017,935,1079,11220,12948,OR
41,2018,989,1130,11868,13560,OR
41,2019,1063,1185,12756,14220,OR
41,2021,1150,1282,13800,15384,OR
41,2022,1235,1370,14820,16440,OR
41,2023,1325,1481,15900,17772,OR
42,2008,584,726,7008,8712,PA
42,2009,597,738,7164,8856,PA
42,2010,619,763,7428,9156,PA
42,2011,633,786,7596,9432,PA
42,2012,650,798,7800,9576,PA
42,2013,675,828,8100,9936,PA
42,2014,687,848,8244,10176,PA
42,2015,709,868,8508,10416,PA
42,2016,732,881,8784,10572,PA
42,2017,743,893,8916,10716,PA
42,2018,763,927,9156,11124,PA
42,2019,792,951,9504,11412,PA
42,2021,872,1036,10464,12432,PA
42,2022,922,1116,11064,13392,PA
42,2023,987,1197,11844,14364,PA
44,2008,732,850,8784,10200,RI
44,2009,748,890,8976,10680,RI
44,2010,746,868,8952,10416,RI
44,2011,763,875,9156,10500,RI
44,2012,769,878,9228,10536,RI
44,2013,791,918,9492,11016,RI
44,2014,794,934,9528,11208,RI
44,2015,809,938,9708,11256,RI
44,2016,838,948,10056,11376,RI
44,2017,832,941,9984,11292,RI
44,2018,851,998,10212,11976,RI
44,2019,900,1043,10800,12516,RI
44,2021,992,1142,11904,13704,RI
44,2022,1089,1254,13068,15048,RI
44,2023,1169,1365,14028,16380,RI
45,2008,525,675,6300,8100,SC
45,2009,545,706,6540,8472,SC
45,2010,548,728,6576,8736,SC
45,2011,566,741,6792,8892,SC
45,2012,590,754,7080,9048,SC
45,2013,594,766,7128,9192,SC
45,2014,609,791,7308,9492,SC
45,2015,629,819,7548,9828,SC
45,2016,653,841,7836,10092,SC
45,2017,665,848,7980,10176,SC
45,2018,692,892,8304,10704,SC
45,2019,729,922,8748,11064,SC
45,2021,802,976,9624,11712,SC
45,2022,893,1084,10716,13008,SC
45,2023,972,1170,11664,14040,SC
46,2008,468,569,5616,6828,SD
46,2009,443,562,5316,6744,SD
46,2010,502,591,6024,7092,SD
46,2011,505,612,6060,7344,SD
46,2012,551,651,6612,7812,SD
46,2013,529,637,6348,7644,SD
46,2014,539,647,6468,7764,SD
46,2015,573,675,6876,8100,SD
46,2016,601,706,7212,8472,SD
46,2017,621,722,7452,8664,SD
46,2018,631,734,7572,8808,SD
46,2019,669,769,8028,9228,SD
46,2021,722,830,8664,9960,SD
46,2022,747,866,8964,10392,SD
46,2023,791,921,9492,11052,SD
47,2008,520,660,6240,7920,TN
47,2009,532,682,6384,8184,TN
47,2010,539,697,6468,8364,TN
47,2011,547,715,6564,8580,TN
47,2012,577,730,6924,8760,TN
47,2013,589,748,7068,8976,TN
47,2014,594,770,7128,9240,TN
47,2015,614,785,7368,9420,TN
47,2016,637,806,7644,9672,TN
47,2017,666,833,7992,9996,TN
47,2018,678,861,8136,10332,TN
47,2019,716,904,8592,10848,TN
47,2021,799,981,9588,11772,TN
47,2022,884,1096,10608,13152,TN
47,2023,1001,1214,12012,14568,TN
48,2008,614,768,7368,9216,TX
48,2009,632,788,7584,9456,TX
48,2010,647,801,7764,9612,TX
48,2011,660,813,7920,9756,TX
48,2012,684,831,8208,9972,TX
48,2013,711,857,8532,10284,TX
48,2014,735,896,8820,10752,TX
48,2015,774,932,9288,11184,TX
48,2016,809,956,9708,11472,TX
48,2017,843,987,10116,11844,TX
48,2018,887,1046,10644,12552,TX
48,2019,929,1091,11148,13092,TX
48,2021,1007,1167,12084,14004,TX
48,2022,1117,1290,13404,15480,TX
48,2023,1221,1413,14652,16956,TX
49,2008,680,784,8160,9408,UT
49,2009,700,793,8400,9516,UT
49,2010,693,796,8316,9552,UT
49,2011,717,822,8604,9864,UT
49,2012,741,851,8892,10212,UT
49,2013,766,881,9192,10572,UT
49,2014,775,886,9300,10632,UT
49,2015,812,925,9744,11100,UT
49,2016,839,954,10068,11448,UT
49,2017,865,986,10380,11832,UT
49,2018,923,1043,11076,12516,UT
49,2019,991,1098,11892,13176,UT
49,2021,1096,1208,13152,14496,UT
49,2022,1252,1372,15024,16464,UT
49,2023,1399,1551,16788,18612,UT
50,2008,682,797,8184,9564,VT
50,2009,709,829,8508,9948,VT
50,2010,707,823,8484,9876,VT
50,2011,745,849,8940,10188,VT
50,2012,754,860,9048,10320,VT
50,2013,768,865,9216,10380,VT
50,2014,791,917,9492,11004,VT
50,2015,819,923,9828,11076,VT
50,2016,816,925,9792,11100,VT
50,2017,844,950,10128,11400,VT
50,2018,853,969,10236,11628,VT
50,2019,884,980,10608,11760,VT
50,2021,981,1115,11772,13380,VT
50,2022,997,1141,11964,13692,VT
50,2023,1085,1202,13020,14424,VT
51,2008,791,934,9492,11208,VA
51,2009,832,989,9984,11868,VA
51,2010,854,1019,10248,12228,VA
51,2011,888,1062,10656,12744,VA
51,2012,906,1068,10872,12816,VA
51,2013,922,1086,11064,13032,VA
51,2014,934,1116,11208,13392,VA
51,2015,959,1144,11508,13728,VA
51,2016,981,1159,11772,13908,VA
51,2017,1005,1179,12060,14148,VA
51,2018,1045,1215,12540,14580,VA
51,2019,1091,1254,13092,15048,VA
51,2021,1169,1331,14028,15972,VA
51,2022,1270,1441,15240,17292,VA
51,2023,1390,1567,16680,18804,VA
53,2008,767,874,9204,10488,WA
53,2009,801,911,9612,10932,WA
53,2010,801,908,9612,10896,WA
53,2011,815,930,9780,11160,WA
53,2012,838,954,10056,11448,WA
53,2013,867,989,10404,11868,WA
53,2014,894,1032,10728,12384,WA
53,2015,949,1080,11388,12960,WA
53,2016,999,1135,11988,13620,WA
53,2017,1087,1216,13044,14592,WA
53,2018,1184,1316,14208,15792,WA
53,2019,1230,1359,14760,16308,WA
53,2021,1356,1484,16272,17808,WA
53,2022,1495,1630,17940,19560,WA
53,2023,1590,1731,19080,20772,WA
54,2008,397,528,4764,6336,WV
54,2009,415,552,4980,6624,WV
54,2010,430,571,5160,6852,WV
54,2011,444,599,5328,7188,WV
54,2012,448,607,5376,7284,WV
54,2013,461,620,5532,7440,WV
54,2014,485,656,5820,7872,WV
54,2015,512,675,6144,8100,WV
54,2016,521,682,6252,8184,WV
54,2017,523,690,6276,8280,WV
54,2018,546,735,6552,8820,WV
54,2019,551,727,6612,8724,WV
54,2021,595,767,7140,9204,WV
54,2022,606,795,7272,9540,WV
54,2023,638,850,7656,10200,WV
55,2008,589,704,7068,8448,WI
55,2009,599,708,7188,8496,WI
55,2010,604,715,7248,8580,WI
55,2011,622,739,7464,8868,WI
55,2012,630,743,7560,8916,WI
55,2013,644,758,7728,9096,WI
55,2014,657,782,7884,9384,WI
55,2015,669,792,8028,9504,WI
55,2016,684,802,8208,9624,WI
55,2017,699,819,8388,9828,WI
55,2018,722,847,8664,10164,WI
55,2019,746,867,8952,10404,WI
55,2021,792,921,9504,11052,WI
55,2022,845,992,10140,11904,WI
55,2023,913,1071,10956,12852,WI
56,2008,539,636,6468,7632,WY
56,2009,583,700,6996,8400,WY
56,2010,589,693,7068,8316,WY
56,2011,646,759,7752,9108,WY
56,2012,654,742,7848,8904,WY
56,2013,662,780,7944,9360,WY
56,2014,682,792,8184,9504,WY
56,2015,697,815,8364,9780,WY
56,2016,718,840,8616,10080,WY
56,2017,703,832,8436,9984,WY
56,2018,724,818,8688,9816,WY
56,2019,722,822,8664,9864,WY
56,2021,749,889,8988,10668,WY
56,2022,783,895,9396,10740,WY
56,2023,858,1000,10296,12000,WY
