state_fips,state_abbr,year,tfp_national_monthly,tfp_national_annual,rpp_goods_index,food_reconstructed_annual,construction_flag_food
01,AL,2008,512.6,6151.200000000001,95.966,5903.060592000001,reconstructed
01,AL,2009,530.3,6363.599999999999,93.986,5980.893096,reconstructed
01,AL,2010,535.6,6427.200000000001,96.407,6196.2707040000005,reconstructed
01,AL,2011,556.8,6681.599999999999,95.951,6411.062015999999,reconstructed
01,AL,2012,567.6,6811.200000000001,95.208,6484.807296000001,reconstructed
01,AL,2013,570.6,6847.200000000001,96.222,6588.5127840000005,reconstructed
01,AL,2014,567.8,6813.599999999999,96.253,6558.294408,reconstructed
01,AL,2015,560.4,6724.799999999999,95.222,6403.489055999999,reconstructed
01,AL,2016,556.0,6672.0,96.055,6408.7896,reconstructed
01,AL,2017,563.8,6765.599999999999,95.483,6459.997848,reconstructed
01,AL,2018,570.0,6840.0,92.476,6325.3584,reconstructed
01,AL,2019,577.0,6924.0,94.601,6550.17324,reconstructed
01,AL,2020,602.0,7224.0,94.353,6816.0607199999995,reconstructed
01,AL,2021,835.57,10026.84,93.928,9418.0102752,reconstructed
01,AL,2022,939.4,11272.8,94.668,10671.734304,reconstructed
01,AL,2023,975.5,11706.0,94.606,11074.57836,reconstructed
02,AK,2008,512.6,6151.200000000001,105.924,6515.597088,reconstructed_AK_HI
02,AK,2009,530.3,6363.599999999999,105.722,6727.725192,reconstructed_AK_HI
02,AK,2010,535.6,6427.200000000001,104.009,6684.866448000001,reconstructed_AK_HI
02,AK,2011,556.8,6681.599999999999,103.451,6912.182016,reconstructed_AK_HI
02,AK,2012,567.6,6811.200000000001,101.501,6913.436112,reconstructed_AK_HI
02,AK,2013,570.6,6847.200000000001,100.142,6856.923024000001,reconstructed_AK_HI
02,AK,2014,567.8,6813.599999999999,99.883,6805.6280879999995,reconstructed_AK_HI
02,AK,2015,560.4,6724.799999999999,104.376,7019.077248,reconstructed_AK_HI
02,AK,2016,556.0,6672.0,107.412,7166.5286399999995,reconstructed_AK_HI
02,AK,2017,563.8,6765.599999999999,107.706,7286.957136,reconstructed_AK_HI
02,AK,2018,570.0,6840.0,103.212,7059.7008,reconstructed_AK_HI
02,AK,2019,577.0,6924.0,100.529,6960.62796,reconstructed_AK_HI
02,AK,2020,602.0,7224.0,101.531,7334.599440000001,reconstructed_AK_HI
02,AK,2021,835.57,10026.84,109.142,10943.4937128,reconstructed_AK_HI
02,AK,2022,939.4,11272.8,105.589,11902.836792,reconstructed_AK_HI
02,AK,2023,975.5,11706.0,103.697,12138.77082,reconstructed_AK_HI
04,AZ,2008,512.6,6151.200000000001,102.954,6332.906448,reconstructed
04,AZ,2009,530.3,6363.599999999999,106.401,6770.934035999999,reconstructed
04,AZ,2010,535.6,6427.200000000001,100.075,6432.020400000001,reconstructed
04,AZ,2011,556.8,6681.599999999999,98.959,6612.044544,reconstructed
04,AZ,2012,567.6,6811.200000000001,98.261,6692.753232000001,reconstructed
04,AZ,2013,570.6,6847.200000000001,97.602,6683.004144,reconstructed
04,AZ,2014,567.8,6813.599999999999,97.741,6659.680775999999,reconstructed
04,AZ,2015,560.4,6724.799999999999,98.517,6625.071215999999,reconstructed
04,AZ,2016,556.0,6672.0,97.834,6527.48448,reconstructed
04,AZ,2017,563.8,6765.599999999999,97.225,6577.854599999999,reconstructed
04,AZ,2018,570.0,6840.0,95.865,6557.166,reconstructed
04,AZ,2019,577.0,6924.0,96.004,6647.31696,reconstructed
04,AZ,2020,602.0,7224.0,100.076,7229.490239999999,reconstructed
04,AZ,2021,835.57,10026.84,95.069,9532.416519600001,reconstructed
04,AZ,2022,939.4,11272.8,98.094,11057.940431999998,reconstructed
04,AZ,2023,975.5,11706.0,97.941,11464.97346,reconstructed
05,AR,2008,512.6,6151.200000000001,95.942,5901.584304,reconstructed
05,AR,2009,530.3,6363.599999999999,93.774,5967.402263999999,reconstructed
05,AR,2010,535.6,6427.200000000001,96.639,6211.181808,reconstructed
05,AR,2011,556.8,6681.599999999999,96.001,6414.402816,reconstructed
05,AR,2012,567.6,6811.200000000001,94.457,6433.655184,reconstructed
05,AR,2013,570.6,6847.200000000001,95.382,6530.996304000001,reconstructed
05,AR,2014,567.8,6813.599999999999,94.764,6456.839903999999,reconstructed
05,AR,2015,560.4,6724.799999999999,93.983,6320.1687839999995,reconstructed
05,AR,2016,556.0,6672.0,94.932,6333.86304,reconstructed
05,AR,2017,563.8,6765.599999999999,94.536,6395.927615999999,reconstructed
05,AR,2018,570.0,6840.0,93.073,6366.1932,reconstructed
05,AR,2019,577.0,6924.0,94.774,6562.15176,reconstructed
05,AR,2020,602.0,7224.0,94.34,6815.1216,reconstructed
05,AR,2021,835.57,10026.84,95.623,9587.965213200001,reconstructed
05,AR,2022,939.4,11272.8,93.127,10498.020455999998,reconstructed
05,AR,2023,975.5,11706.0,93.103,10898.63718,reconstructed
06,CA,2008,512.6,6151.200000000001,107.413,6607.188456000001,reconstructed
06,CA,2009,530.3,6363.599999999999,104.687,6661.861931999999,reconstructed
06,CA,2010,535.6,6427.200000000001,103.023,6621.494256000001,reconstructed
06,CA,2011,556.8,6681.599999999999,103.597,6921.937151999999,reconstructed
06,CA,2012,567.6,6811.200000000001,104.095,7090.118640000001,reconstructed
06,CA,2013,570.6,6847.200000000001,104.288,7140.807936000001,reconstructed
06,CA,2014,567.8,6813.599999999999,104.339,7109.242104,reconstructed
06,CA,2015,560.4,6724.799999999999,105.536,7097.084927999999,reconstructed
06,CA,2016,556.0,6672.0,104.385,6964.5671999999995,reconstructed
06,CA,2017,563.8,6765.599999999999,104.466,7067.751695999999,reconstructed
06,CA,2018,570.0,6840.0,105.508,7216.7472,reconstructed
06,CA,2019,577.0,6924.0,106.179,7351.83396,reconstructed
06,CA,2020,602.0,7224.0,106.661,7705.190640000001,reconstructed
06,CA,2021,835.57,10026.84,108.144,10843.4258496,reconstructed
06,CA,2022,939.4,11272.8,108.415,12221.406120000001,reconstructed
06,CA,2023,975.5,11706.0,106.766,12498.027960000001,reconstructed
08,CO,2008,512.6,6151.200000000001,104.436,6424.067232000002,reconstructed
08,CO,2009,530.3,6363.599999999999,102.119,6498.444684,reconstructed
08,CO,2010,535.6,6427.200000000001,101.267,6508.632624000001,reconstructed
08,CO,2011,556.8,6681.599999999999,101.609,6789.106943999999,reconstructed
08,CO,2012,567.6,6811.200000000001,101.351,6903.219312,reconstructed
08,CO,2013,570.6,6847.200000000001,101.018,6916.904496000001,reconstructed
08,CO,2014,567.8,6813.599999999999,100.171,6825.2512560000005,reconstructed
08,CO,2015,560.4,6724.799999999999,99.748,6707.853504,reconstructed
08,CO,2016,556.0,6672.0,99.775,6656.988,reconstructed
08,CO,2017,563.8,6765.599999999999,99.531,6733.869336,reconstructed
08,CO,2018,570.0,6840.0,97.572,6673.9248,reconstructed
08,CO,2019,577.0,6924.0,101.582,7033.537679999999,reconstructed
08,CO,2020,602.0,7224.0,101.994,7368.046560000001,reconstructed
08,CO,2021,835.57,10026.84,101.776,10204.9166784,reconstructed
08,CO,2022,939.4,11272.8,101.153,11402.775384,reconstructed
08,CO,2023,975.5,11706.0,99.179,11609.893740000001,reconstructed
09,CT,2008,512.6,6151.200000000001,109.579,6740.423448000001,reconstructed
09,CT,2009,530.3,6363.599999999999,108.665,6915.00594,reconstructed
09,CT,2010,535.6,6427.200000000001,103.6,6658.579200000001,reconstructed
09,CT,2011,556.8,6681.599999999999,103.812,6936.302591999999,reconstructed
09,CT,2012,567.6,6811.200000000001,104.592,7123.970304,reconstructed
09,CT,2013,570.6,6847.200000000001,104.271,7139.643912000001,reconstructed
09,CT,2014,567.8,6813.599999999999,103.392,7044.717311999999,reconstructed
09,CT,2015,560.4,6724.799999999999,103.167,6937.774416,reconstructed
09,CT,2016,556.0,6672.0,103.557,6909.323040000001,reconstructed
09,CT,2017,563.8,6765.599999999999,104.422,7064.774831999999,reconstructed
09,CT,2018,570.0,6840.0,101.432,6937.948800000001,reconstructed
09,CT,2019,577.0,6924.0,98.73,6836.065200000001,reconstructed
09,CT,2020,602.0,7224.0,99.011,7152.554639999999,reconstructed
09,CT,2021,835.57,10026.84,96.989,9724.9318476,reconstructed
09,CT,2022,939.4,11272.8,101.095,11396.237159999999,reconstructed
09,CT,2023,975.5,11706.0,98.6,11542.116,reconstructed
10,DE,2008,512.6,6151.200000000001,103.51,6367.1071200000015,reconstructed
10,DE,2009,530.3,6363.599999999999,101.939,6486.990204,reconstructed
10,DE,2010,535.6,6427.200000000001,101.52,6524.89344,reconstructed
10,DE,2011,556.8,6681.599999999999,102.507,6849.107712,reconstructed
10,DE,2012,567.6,6811.200000000001,99.436,6772.784832000001,reconstructed
10,DE,2013,570.6,6847.200000000001,97.113,6649.521336000001,reconstructed
10,DE,2014,567.8,6813.599999999999,95.653,6517.412808,reconstructed
10,DE,2015,560.4,6724.799999999999,97.123,6531.327504,reconstructed
10,DE,2016,556.0,6672.0,98.6,6578.592,reconstructed
10,DE,2017,563.8,6765.599999999999,96.472,6526.909631999999,reconstructed
10,DE,2018,570.0,6840.0,96.806,6621.5304,reconstructed
10,DE,2019,577.0,6924.0,95.719,6627.58356,reconstructed
10,DE,2020,602.0,7224.0,94.497,6826.46328,reconstructed
10,DE,2021,835.57,10026.84,94.526,9477.9707784,reconstructed
10,DE,2022,939.4,11272.8,94.641,10668.690648,reconstructed
10,DE,2023,975.5,11706.0,97.295,11389.3527,reconstructed
11,DC,2008,512.6,6151.200000000001,112.19,6901.03128,reconstructed
11,DC,2009,530.3,6363.599999999999,112.779,7176.804443999999,reconstructed
11,DC,2010,535.6,6427.200000000001,109.393,7030.906896000001,reconstructed
11,DC,2011,556.8,6681.599999999999,107.775,7201.094399999999,reconstructed
11,DC,2012,567.6,6811.200000000001,105.744,7202.4353280000005,reconstructed
11,DC,2013,570.6,6847.200000000001,110.758,7583.821776000001,reconstructed
11,DC,2014,567.8,6813.599999999999,105.512,7189.165632,reconstructed
11,DC,2015,560.4,6724.799999999999,105.684,7107.037632,reconstructed
11,DC,2016,556.0,6672.0,106.386,7098.07392,reconstructed
11,DC,2017,563.8,6765.599999999999,104.525,7071.743399999999,reconstructed
11,DC,2018,570.0,6840.0,107.024,7320.4416,reconstructed
11,DC,2019,577.0,6924.0,104.732,7251.64368,reconstructed
11,DC,2020,602.0,7224.0,105.522,7622.909280000001,reconstructed
11,DC,2021,835.57,10026.84,107.837,10812.6434508,reconstructed
11,DC,2022,939.4,11272.8,107.313,12097.179863999998,reconstructed
11,DC,2023,975.5,11706.0,106.547,12472.391819999999,reconstructed
12,FL,2008,512.6,6151.200000000001,98.894,6083.167728000001,reconstructed
12,FL,2009,530.3,6363.599999999999,96.986,6171.801096,reconstructed
12,FL,2010,535.6,6427.200000000001,97.282,6252.508704000001,reconstructed
12,FL,2011,556.8,6681.599999999999,97.353,6504.738047999998,reconstructed
12,FL,2012,567.6,6811.200000000001,98.016,6676.065792000001,reconstructed
12,FL,2013,570.6,6847.200000000001,98.609,6751.955448,reconstructed
12,FL,2014,567.8,6813.599999999999,98.324,6699.404063999999,reconstructed
12,FL,2015,560.4,6724.799999999999,97.424,6551.569152,reconstructed
12,FL,2016,556.0,6672.0,97.541,6507.93552,reconstructed
12,FL,2017,563.8,6765.599999999999,98.383,6656.200247999999,reconstructed
12,FL,2018,570.0,6840.0,97.69,6681.996,reconstructed
12,FL,2019,577.0,6924.0,96.112,6654.7948799999995,reconstructed
12,FL,2020,602.0,7224.0,97.414,7037.18736,reconstructed
12,FL,2021,835.57,10026.84,98.358,9862.199287200001,reconstructed
12,FL,2022,939.4,11272.8,98.019,11049.485831999998,reconstructed
12,FL,2023,975.5,11706.0,98.195,11494.706699999999,reconstructed
13,GA,2008,512.6,6151.200000000001,94.441,5809.254792000001,reconstructed
13,GA,2009,530.3,6363.599999999999,95.885,6101.73786,reconstructed
13,GA,2010,535.6,6427.200000000001,96.557,6205.911504000001,reconstructed
13,GA,2011,556.8,6681.599999999999,96.813,6468.657408,reconstructed
13,GA,2012,567.6,6811.200000000001,97.228,6622.3935360000005,reconstructed
13,GA,2013,570.6,6847.200000000001,97.869,6701.2861680000005,reconstructed
13,GA,2014,567.8,6813.599999999999,97.245,6625.885319999999,reconstructed
13,GA,2015,560.4,6724.799999999999,97.006,6523.4594879999995,reconstructed
13,GA,2016,556.0,6672.0,97.199,6485.11728,reconstructed
13,GA,2017,563.8,6765.599999999999,97.164,6573.727584,reconstructed
13,GA,2018,570.0,6840.0,97.762,6686.9208,reconstructed
13,GA,2019,577.0,6924.0,96.447,6677.99028,reconstructed
13,GA,2020,602.0,7224.0,96.381,6962.563440000001,reconstructed
13,GA,2021,835.57,10026.84,96.622,9688.1333448,reconstructed
13,GA,2022,939.4,11272.8,97.631,11005.747368,reconstructed
13,GA,2023,975.5,11706.0,97.697,11436.410820000001,reconstructed
15,HI,2008,512.6,6151.200000000001,106.754,6566.652048000002,reconstructed_AK_HI
15,HI,2009,530.3,6363.599999999999,108.869,6927.987683999999,reconstructed_AK_HI
15,HI,2010,535.6,6427.200000000001,108.553,6976.918416,reconstructed_AK_HI
15,HI,2011,556.8,6681.599999999999,108.46,7246.863359999999,reconstructed_AK_HI
15,HI,2012,567.6,6811.200000000001,106.221,7234.924752000002,reconstructed_AK_HI
15,HI,2013,570.6,6847.200000000001,108.988,7462.626336,reconstructed_AK_HI
15,HI,2014,567.8,6813.599999999999,109.052,7430.367072000001,reconstructed_AK_HI
15,HI,2015,560.4,6724.799999999999,110.683,7443.210383999999,reconstructed_AK_HI
15,HI,2016,556.0,6672.0,112.285,7491.655199999999,reconstructed_AK_HI
15,HI,2017,563.8,6765.599999999999,112.606,7618.471535999998,reconstructed_AK_HI
15,HI,2018,570.0,6840.0,116.577,7973.8668,reconstructed_AK_HI
15,HI,2019,577.0,6924.0,115.259,7980.53316,reconstructed_AK_HI
15,HI,2020,602.0,7224.0,112.445,8123.0268,reconstructed_AK_HI
15,HI,2021,835.57,10026.84,110.146,11044.163186400001,reconstructed_AK_HI
15,HI,2022,939.4,11272.8,111.959,12620.914152,reconstructed_AK_HI
15,HI,2023,975.5,11706.0,110.346,12917.102760000002,reconstructed_AK_HI
16,ID,2008,512.6,6151.200000000001,99.217,6103.036104000001,reconstructed
16,ID,2009,530.3,6363.599999999999,100.583,6400.699788,reconstructed
16,ID,2010,535.6,6427.200000000001,99.041,6365.563152000001,reconstructed
16,ID,2011,556.8,6681.599999999999,99.599,6654.806783999999,reconstructed
16,ID,2012,567.6,6811.200000000001,98.114,6682.740768000001,reconstructed
16,ID,2013,570.6,6847.200000000001,96.344,6596.866368000001,reconstructed
16,ID,2014,567.8,6813.599999999999,97.152,6619.548672,reconstructed
16,ID,2015,560.4,6724.799999999999,100.282,6743.763935999999,reconstructed
16,ID,2016,556.0,6672.0,99.595,6644.9784,reconstructed
16,ID,2017,563.8,6765.599999999999,101.143,6842.930808,reconstructed
16,ID,2018,570.0,6840.0,96.192,6579.532799999999,reconstructed
16,ID,2019,577.0,6924.0,98.902,6847.97448,reconstructed
16,ID,2020,602.0,7224.0,95.436,6894.2966400000005,reconstructed
16,ID,2021,835.57,10026.84,96.616,9687.5317344,reconstructed
16,ID,2022,939.4,11272.8,96.062,10828.877136,reconstructed
16,ID,2023,975.5,11706.0,95.901,11226.171059999999,reconstructed
17,IL,2008,512.6,6151.200000000001,99.378,6112.939536000001,reconstructed
17,IL,2009,530.3,6363.599999999999,101.676,6470.253936,reconstructed
17,IL,2010,535.6,6427.200000000001,102.152,6565.513344000001,reconstructed
17,IL,2011,556.8,6681.599999999999,102.627,6857.125631999999,reconstructed
17,IL,2012,567.6,6811.200000000001,101.083,6884.965296,reconstructed
17,IL,2013,570.6,6847.200000000001,99.895,6840.010440000001,reconstructed
17,IL,2014,567.8,6813.599999999999,100.479,6846.237144,reconstructed
17,IL,2015,560.4,6724.799999999999,98.589,6629.9130719999985,reconstructed
17,IL,2016,556.0,6672.0,98.196,6551.637119999999,reconstructed
17,IL,2017,563.8,6765.599999999999,100.055,6769.32108,reconstructed
17,IL,2018,570.0,6840.0,101.542,6945.4728,reconstructed
17,IL,2019,577.0,6924.0,102.832,7120.08768,reconstructed
17,IL,2020,602.0,7224.0,101.312,7318.77888,reconstructed
17,IL,2021,835.57,10026.84,103.7,10397.833079999999,reconstructed
17,IL,2022,939.4,11272.8,102.744,11582.125631999997,reconstructed
17,IL,2023,975.5,11706.0,101.596,11892.82776,reconstructed
18,IN,2008,512.6,6151.200000000001,92.831,5710.220472000001,reconstructed
18,IN,2009,530.3,6363.599999999999,94.694,6025.947383999999,reconstructed
18,IN,2010,535.6,6427.200000000001,96.459,6199.612848000001,reconstructed
18,IN,2011,556.8,6681.599999999999,96.44,6443.735039999999,reconstructed
18,IN,2012,567.6,6811.200000000001,97.454,6637.786848000001,reconstructed
18,IN,2013,570.6,6847.200000000001,97.183,6654.314376000001,reconstructed
18,IN,2014,567.8,6813.599999999999,98.24,6693.680639999999,reconstructed
18,IN,2015,560.4,6724.799999999999,97.62,6564.74976,reconstructed
18,IN,2016,556.0,6672.0,96.926,6466.90272,reconstructed
18,IN,2017,563.8,6765.599999999999,95.883,6487.060247999999,reconstructed
18,IN,2018,570.0,6840.0,97.897,6696.1548,reconstructed
18,IN,2019,577.0,6924.0,96.577,6686.99148,reconstructed
18,IN,2020,602.0,7224.0,94.958,6859.76592,reconstructed
18,IN,2021,835.57,10026.84,95.694,9595.0842696,reconstructed
18,IN,2022,939.4,11272.8,94.259,10625.628552,reconstructed
18,IN,2023,975.5,11706.0,95.572,11187.65832,reconstructed
19,IA,2008,512.6,6151.200000000001,86.823,5340.656376,reconstructed
19,IA,2009,530.3,6363.599999999999,91.141,5799.848676,reconstructed
19,IA,2010,535.6,6427.200000000001,95.373,6129.813456000001,reconstructed
19,IA,2011,556.8,6681.599999999999,95.373,6372.442368,reconstructed
19,IA,2012,567.6,6811.200000000001,96.327,6561.024624000001,reconstructed
19,IA,2013,570.6,6847.200000000001,95.854,6563.315088,reconstructed
19,IA,2014,567.8,6813.599999999999,96.853,6599.176007999999,reconstructed
19,IA,2015,560.4,6724.799999999999,96.843,6512.498063999999,reconstructed
19,IA,2016,556.0,6672.0,95.838,6394.31136,reconstructed
19,IA,2017,563.8,6765.599999999999,94.906,6420.960335999999,reconstructed
19,IA,2018,570.0,6840.0,95.8,6552.719999999999,reconstructed
19,IA,2019,577.0,6924.0,97.215,6731.1666000000005,reconstructed
19,IA,2020,602.0,7224.0,95.518,6900.22032,reconstructed
19,IA,2021,835.57,10026.84,94.072,9432.4489248,reconstructed
19,IA,2022,939.4,11272.8,93.307,10518.311496,reconstructed
19,IA,2023,975.5,11706.0,96.624,11310.80544,reconstructed
20,KS,2008,512.6,6151.200000000001,88.693,5455.683816000001,reconstructed
20,KS,2009,530.3,6363.599999999999,93.669,5960.7204839999995,reconstructed
20,KS,2010,535.6,6427.200000000001,95.463,6135.597936,reconstructed
20,KS,2011,556.8,6681.599999999999,95.817,6402.108671999999,reconstructed
20,KS,2012,567.6,6811.200000000001,96.914,6601.006368,reconstructed
20,KS,2013,570.6,6847.200000000001,96.248,6590.293056,reconstructed
20,KS,2014,567.8,6813.599999999999,96.962,6606.602832,reconstructed
20,KS,2015,560.4,6724.799999999999,97.364,6547.534272,reconstructed
20,KS,2016,556.0,6672.0,96.419,6433.07568,reconstructed
20,KS,2017,563.8,6765.599999999999,95.819,6482.730264,reconstructed
20,KS,2018,570.0,6840.0,94.992,6497.452800000001,reconstructed
20,KS,2019,577.0,6924.0,97.13,6725.281199999999,reconstructed
20,KS,2020,602.0,7224.0,95.854,6924.49296,reconstructed
20,KS,2021,835.57,10026.84,93.802,9405.3764568,reconstructed
20,KS,2022,939.4,11272.8,93.575,10548.5226,reconstructed
20,KS,2023,975.5,11706.0,96.486,11294.651160000001,reconstructed
21,KY,2008,512.6,6151.200000000001,96.326,5925.204912,reconstructed
21,KY,2009,530.3,6363.599999999999,93.475,5948.375099999999,reconstructed
21,KY,2010,535.6,6427.200000000001,96.599,6208.610928000001,reconstructed
21,KY,2011,556.8,6681.599999999999,95.412,6375.048192,reconstructed
21,KY,2012,567.6,6811.200000000001,93.952,6399.258624000001,reconstructed
21,KY,2013,570.6,6847.200000000001,95.005,6505.182360000001,reconstructed
21,KY,2014,567.8,6813.599999999999,95.094,6479.3247839999985,reconstructed
21,KY,2015,560.4,6724.799999999999,94.15,6331.399199999999,reconstructed
21,KY,2016,556.0,6672.0,95.35,6361.7519999999995,reconstructed
21,KY,2017,563.8,6765.599999999999,94.645,6403.302119999999,reconstructed
21,KY,2018,570.0,6840.0,93.291,6381.1044,reconstructed
21,KY,2019,577.0,6924.0,94.861,6568.17564,reconstructed
21,KY,2020,602.0,7224.0,94.321,6813.74904,reconstructed
21,KY,2021,835.57,10026.84,93.959,9421.1185956,reconstructed
21,KY,2022,939.4,11272.8,94.057,10602.857495999999,reconstructed
21,KY,2023,975.5,11706.0,94.538,11066.61828,reconstructed
22,LA,2008,512.6,6151.200000000001,96.441,5932.278792000001,reconstructed
22,LA,2009,530.3,6363.599999999999,94.026,5983.438536,reconstructed
22,LA,2010,535.6,6427.200000000001,96.758,6218.830176,reconstructed
22,LA,2011,556.8,6681.599999999999,96.203,6427.899648,reconstructed
22,LA,2012,567.6,6811.200000000001,95.591,6510.894192,reconstructed
22,LA,2013,570.6,6847.200000000001,96.202,6587.143344000001,reconstructed
22,LA,2014,567.8,6813.599999999999,96.422,6569.809391999999,reconstructed
22,LA,2015,560.4,6724.799999999999,95.422,6416.938655999999,reconstructed
22,LA,2016,556.0,6672.0,96.084,6410.72448,reconstructed
22,LA,2017,563.8,6765.599999999999,95.813,6482.324328,reconstructed
22,LA,2018,570.0,6840.0,93.559,6399.4356,reconstructed
22,LA,2019,577.0,6924.0,95.09,6584.0316,reconstructed
22,LA,2020,602.0,7224.0,94.56,6831.0144,reconstructed
22,LA,2021,835.57,10026.84,95.164,9541.9420176,reconstructed
22,LA,2022,939.4,11272.8,93.954,10591.246511999998,reconstructed
22,LA,2023,975.5,11706.0,93.009,10887.633539999999,reconstructed
23,ME,2008,512.6,6151.200000000001,100.212,6164.240544000001,reconstructed
23,ME,2009,530.3,6363.599999999999,100.661,6405.663396,reconstructed
23,ME,2010,535.6,6427.200000000001,98.082,6303.9263040000005,reconstructed
23,ME,2011,556.8,6681.599999999999,98.277,6566.476032,reconstructed
23,ME,2012,567.6,6811.200000000001,98.97,6741.044640000001,reconstructed
23,ME,2013,570.6,6847.200000000001,98.386,6736.686192,reconstructed
23,ME,2014,567.8,6813.599999999999,98.156,6687.957216,reconstructed
23,ME,2015,560.4,6724.799999999999,99.321,6679.138607999998,reconstructed
23,ME,2016,556.0,6672.0,98.938,6601.14336,reconstructed
23,ME,2017,563.8,6765.599999999999,100.18,6777.77808,reconstructed
23,ME,2018,570.0,6840.0,100.94,6904.296,reconstructed
23,ME,2019,577.0,6924.0,99.401,6882.52524,reconstructed
23,ME,2020,602.0,7224.0,99.503,7188.09672,reconstructed
23,ME,2021,835.57,10026.84,99.227,9949.3325268,reconstructed
23,ME,2022,939.4,11272.8,101.092,11395.898976,reconstructed
23,ME,2023,975.5,11706.0,98.331,11510.62686,reconstructed
24,MD,2008,512.6,6151.200000000001,104.777,6445.042824000001,reconstructed
24,MD,2009,530.3,6363.599999999999,107.811,6860.660796,reconstructed
24,MD,2010,535.6,6427.200000000001,104.027,6686.023344000001,reconstructed
24,MD,2011,556.8,6681.599999999999,104.817,7003.4526719999985,reconstructed
24,MD,2012,567.6,6811.200000000001,103.616,7057.492992,reconstructed
24,MD,2013,570.6,6847.200000000001,104.634,7164.499248000001,reconstructed
24,MD,2014,567.8,6813.599999999999,102.746,7000.701456,reconstructed
24,MD,2015,560.4,6724.799999999999,101.972,6857.413055999999,reconstructed
24,MD,2016,556.0,6672.0,102.398,6831.994559999999,reconstructed
24,MD,2017,563.8,6765.599999999999,101.884,6893.063904,reconstructed
24,MD,2018,570.0,6840.0,102.428,7006.0752,reconstructed
24,MD,2019,577.0,6924.0,101.166,7004.73384,reconstructed
24,MD,2020,602.0,7224.0,102.426,7399.254239999999,reconstructed
24,MD,2021,835.57,10026.84,103.513,10379.0828892,reconstructed
24,MD,2022,939.4,11272.8,102.876,11597.005728,reconstructed
24,MD,2023,975.5,11706.0,103.249,12086.32794,reconstructed
25,MA,2008,512.6,6151.200000000001,98.392,6052.2887040000005,reconstructed
25,MA,2009,530.3,6363.599999999999,97.747,6220.228091999999,reconstructed
25,MA,2010,535.6,6427.200000000001,99.657,6405.1547040000005,reconstructed
25,MA,2011,556.8,6681.599999999999,101.385,6774.140160000001,reconstructed
25,MA,2012,567.6,6811.200000000001,101.224,6894.569088000001,reconstructed
25,MA,2013,570.6,6847.200000000001,100.805,6902.319960000002,reconstructed
25,MA,2014,567.8,6813.599999999999,103.958,7083.282287999999,reconstructed
25,MA,2015,560.4,6724.799999999999,102.157,6869.853935999999,reconstructed
25,MA,2016,556.0,6672.0,103.74,6921.532799999999,reconstructed
25,MA,2017,563.8,6765.599999999999,103.829,7024.654823999999,reconstructed
25,MA,2018,570.0,6840.0,102.316,6998.414400000001,reconstructed
25,MA,2019,577.0,6924.0,103.58,7171.8792,reconstructed
25,MA,2020,602.0,7224.0,105.339,7609.68936,reconstructed
25,MA,2021,835.57,10026.84,105.633,10591.6518972,reconstructed
25,MA,2022,939.4,11272.8,107.089,12071.928791999999,reconstructed
25,MA,2023,975.5,11706.0,100.042,11710.91652,reconstructed
26,MI,2008,512.6,6151.200000000001,95.328,5863.815936000001,reconstructed
26,MI,2009,530.3,6363.599999999999,97.744,6220.037183999999,reconstructed
26,MI,2010,535.6,6427.200000000001,98.211,6312.217392000001,reconstructed
26,MI,2011,556.8,6681.599999999999,98.502,6581.509631999999,reconstructed
26,MI,2012,567.6,6811.200000000001,98.198,6688.462176000001,reconstructed
26,MI,2013,570.6,6847.200000000001,98.372,6735.727584000001,reconstructed
26,MI,2014,567.8,6813.599999999999,98.564,6715.756703999999,reconstructed
26,MI,2015,560.4,6724.799999999999,97.752,6573.626495999999,reconstructed
26,MI,2016,556.0,6672.0,97.712,6519.34464,reconstructed
26,MI,2017,563.8,6765.599999999999,97.334,6585.229103999999,reconstructed
26,MI,2018,570.0,6840.0,98.463,6734.869199999999,reconstructed
26,MI,2019,577.0,6924.0,96.142,6656.872079999999,reconstructed
26,MI,2020,602.0,7224.0,95.943,6930.92232,reconstructed
26,MI,2021,835.57,10026.84,94.698,9495.2169432,reconstructed
26,MI,2022,939.4,11272.8,93.265,10513.57692,reconstructed
26,MI,2023,975.5,11706.0,95.791,11213.29446,reconstructed
27,MN,2008,512.6,6151.200000000001,96.222,5918.807664000001,reconstructed
27,MN,2009,530.3,6363.599999999999,99.738,6346.927368,reconstructed
27,MN,2010,535.6,6427.200000000001,98.147,6308.103984000001,reconstructed
27,MN,2011,556.8,6681.599999999999,99.171,6626.209536,reconstructed
27,MN,2012,567.6,6811.200000000001,99.567,6781.707504,reconstructed
27,MN,2013,570.6,6847.200000000001,98.471,6742.506312000001,reconstructed
27,MN,2014,567.8,6813.599999999999,100.985,6880.713959999999,reconstructed
27,MN,2015,560.4,6724.799999999999,100.125,6733.205999999999,reconstructed
27,MN,2016,556.0,6672.0,98.404,6565.51488,reconstructed
27,MN,2017,563.8,6765.599999999999,100.046,6768.712176,reconstructed
27,MN,2018,570.0,6840.0,100.958,6905.5271999999995,reconstructed
27,MN,2019,577.0,6924.0,100.469,6956.473559999999,reconstructed
27,MN,2020,602.0,7224.0,99.172,7164.18528,reconstructed
27,MN,2021,835.57,10026.84,100.247,10051.6062948,reconstructed
27,MN,2022,939.4,11272.8,99.872,11258.370816,reconstructed
27,MN,2023,975.5,11706.0,102.06,11947.1436,reconstructed
28,MS,2008,512.6,6151.200000000001,96.017,5906.197704,reconstructed
28,MS,2009,530.3,6363.599999999999,92.946,5914.7116559999995,reconstructed
28,MS,2010,535.6,6427.200000000001,96.568,6206.618496000001,reconstructed
28,MS,2011,556.8,6681.599999999999,95.381,6372.976896,reconstructed
28,MS,2012,567.6,6811.200000000001,93.408,6362.205696000001,reconstructed
28,MS,2013,570.6,6847.200000000001,94.648,6480.737856000001,reconstructed
28,MS,2014,567.8,6813.599999999999,94.155,6415.345079999999,reconstructed
28,MS,2015,560.4,6724.799999999999,93.449,6284.258351999999,reconstructed
28,MS,2016,556.0,6672.0,94.386,6297.4339199999995,reconstructed
28,MS,2017,563.8,6765.599999999999,93.817,6347.282952,reconstructed
28,MS,2018,570.0,6840.0,93.095,6367.697999999999,reconstructed
28,MS,2019,577.0,6924.0,94.907,6571.36068,reconstructed
28,MS,2020,602.0,7224.0,94.641,6836.86584,reconstructed
28,MS,2021,835.57,10026.84,94.228,9448.0907952,reconstructed
28,MS,2022,939.4,11272.8,94.176,10616.272128,reconstructed
28,MS,2023,975.5,11706.0,94.443,11055.49758,reconstructed
29,MO,2008,512.6,6151.200000000001,87.385,5375.226120000001,reconstructed
29,MO,2009,530.3,6363.599999999999,91.534,5824.857624,reconstructed
29,MO,2010,535.6,6427.200000000001,96.458,6199.548576000001,reconstructed
29,MO,2011,556.8,6681.599999999999,95.279,6366.161663999999,reconstructed
29,MO,2012,567.6,6811.200000000001,95.829,6527.104848000001,reconstructed
29,MO,2013,570.6,6847.200000000001,96.793,6627.610296000001,reconstructed
29,MO,2014,567.8,6813.599999999999,97.63,6652.117679999999,reconstructed
29,MO,2015,560.4,6724.799999999999,97.376,6548.341248,reconstructed
29,MO,2016,556.0,6672.0,96.286,6424.20192,reconstructed
29,MO,2017,563.8,6765.599999999999,96.021,6496.396776,reconstructed
29,MO,2018,570.0,6840.0,96.012,6567.2208,reconstructed
29,MO,2019,577.0,6924.0,98.152,6796.0444800000005,reconstructed
29,MO,2020,602.0,7224.0,99.031,7153.9994400000005,reconstructed
29,MO,2021,835.57,10026.84,98.469,9873.3290796,reconstructed
29,MO,2022,939.4,11272.8,96.709,10901.812151999999,reconstructed
29,MO,2023,975.5,11706.0,97.3,11389.938,reconstructed
30,MT,2008,512.6,6151.200000000001,99.765,6136.744680000001,reconstructed
30,MT,2009,530.3,6363.599999999999,99.678,6343.109208,reconstructed
30,MT,2010,535.6,6427.200000000001,99.257,6379.445904000001,reconstructed
30,MT,2011,556.8,6681.599999999999,99.644,6657.813504,reconstructed
30,MT,2012,567.6,6811.200000000001,97.683,6653.3844960000015,reconstructed
30,MT,2013,570.6,6847.200000000001,95.917,6567.628824,reconstructed
30,MT,2014,567.8,6813.599999999999,97.224,6624.4544639999995,reconstructed
30,MT,2015,560.4,6724.799999999999,101.35,6815.584799999998,reconstructed
30,MT,2016,556.0,6672.0,101.872,6796.89984,reconstructed
30,MT,2017,563.8,6765.599999999999,101.905,6894.48468,reconstructed
30,MT,2018,570.0,6840.0,96.181,6578.7804,reconstructed
30,MT,2019,577.0,6924.0,98.933,6850.12092,reconstructed
30,MT,2020,602.0,7224.0,95.88,6926.3712,reconstructed
30,MT,2021,835.57,10026.84,96.765,9702.471726,reconstructed
30,MT,2022,939.4,11272.8,96.374,10864.048271999998,reconstructed
30,MT,2023,975.5,11706.0,96.481,11294.065859999999,reconstructed
31,NE,2008,512.6,6151.200000000001,89.501,5505.385512000001,reconstructed
31,NE,2009,530.3,6363.599999999999,92.406,5880.348216,reconstructed
31,NE,2010,535.6,6427.200000000001,95.476,6136.433472000001,reconstructed
31,NE,2011,556.8,6681.599999999999,95.513,6381.796608,reconstructed
31,NE,2012,567.6,6811.200000000001,96.461,6570.151632,reconstructed
31,NE,2013,570.6,6847.200000000001,95.911,6567.217992000001,reconstructed
31,NE,2014,567.8,6813.599999999999,96.98,6607.829279999999,reconstructed
31,NE,2015,560.4,6724.799999999999,97.115,6530.789519999999,reconstructed
31,NE,2016,556.0,6672.0,96.175,6416.796,reconstructed
31,NE,2017,563.8,6765.599999999999,95.104,6434.356223999999,reconstructed
31,NE,2018,570.0,6840.0,94.616,6471.7344,reconstructed
31,NE,2019,577.0,6924.0,97.155,6727.0122,reconstructed
31,NE,2020,602.0,7224.0,96.049,6938.5797600000005,reconstructed
31,NE,2021,835.57,10026.84,94.58,9483.385272,reconstructed
31,NE,2022,939.4,11272.8,93.861,10580.762808,reconstructed
31,NE,2023,975.5,11706.0,96.547,11301.791819999999,reconstructed
32,NV,2008,512.6,6151.200000000001,96.146,5914.132752,reconstructed
32,NV,2009,530.3,6363.599999999999,101.493,6458.608547999998,reconstructed
32,NV,2010,535.6,6427.200000000001,98.105,6305.404560000001,reconstructed
32,NV,2011,556.8,6681.599999999999,99.415,6642.51264,reconstructed
32,NV,2012,567.6,6811.200000000001,99.615,6784.97688,reconstructed
32,NV,2013,570.6,6847.200000000001,97.536,6678.484992000001,reconstructed
32,NV,2014,567.8,6813.599999999999,96.409,6568.923624,reconstructed
32,NV,2015,560.4,6724.799999999999,96.031,6457.892688,reconstructed
32,NV,2016,556.0,6672.0,95.204,6352.010879999999,reconstructed
32,NV,2017,563.8,6765.599999999999,99.586,6737.590415999999,reconstructed
32,NV,2018,570.0,6840.0,95.695,6545.538,reconstructed
32,NV,2019,577.0,6924.0,98.786,6839.942639999999,reconstructed
32,NV,2020,602.0,7224.0,96.387,6962.99688,reconstructed
32,NV,2021,835.57,10026.84,96.758,9701.7698472,reconstructed
32,NV,2022,939.4,11272.8,97.089,10944.648792,reconstructed
32,NV,2023,975.5,11706.0,96.828,11334.68568,reconstructed
33,NH,2008,512.6,6151.200000000001,98.727,6072.895224000002,reconstructed
33,NH,2009,530.3,6363.599999999999,98.277,6253.955172,reconstructed
33,NH,2010,535.6,6427.200000000001,98.312,6318.708864000001,reconstructed
33,NH,2011,556.8,6681.599999999999,99.747,6664.695551999999,reconstructed
33,NH,2012,567.6,6811.200000000001,99.716,6791.856192,reconstructed
33,NH,2013,570.6,6847.200000000001,99.348,6802.556256000001,reconstructed
33,NH,2014,567.8,6813.599999999999,101.514,6916.757903999999,reconstructed
33,NH,2015,560.4,6724.799999999999,101.145,6801.798959999999,reconstructed
33,NH,2016,556.0,6672.0,101.622,6780.21984,reconstructed
33,NH,2017,563.8,6765.599999999999,101.773,6885.554088,reconstructed
33,NH,2018,570.0,6840.0,101.164,6919.6176000000005,reconstructed
33,NH,2019,577.0,6924.0,100.672,6970.529280000001,reconstructed
33,NH,2020,602.0,7224.0,101.812,7354.89888,reconstructed
33,NH,2021,835.57,10026.84,102.117,10239.108202800002,reconstructed
33,NH,2022,939.4,11272.8,104.593,11790.559704,reconstructed
33,NH,2023,975.5,11706.0,100.042,11710.91652,reconstructed
34,NJ,2008,512.6,6151.200000000001,103.692,6378.302304,reconstructed
34,NJ,2009,530.3,6363.599999999999,104.486,6649.071096000001,reconstructed
34,NJ,2010,535.6,6427.200000000001,100.122,6435.041184000001,reconstructed
34,NJ,2011,556.8,6681.599999999999,102.128,6823.784447999999,reconstructed
34,NJ,2012,567.6,6811.200000000001,104.27,7102.038240000001,reconstructed
34,NJ,2013,570.6,6847.200000000001,104.746,7172.168112000001,reconstructed
34,NJ,2014,567.8,6813.599999999999,101.977,6948.304872,reconstructed
34,NJ,2015,560.4,6724.799999999999,103.792,6979.804415999999,reconstructed
34,NJ,2016,556.0,6672.0,103.487,6904.652639999999,reconstructed
34,NJ,2017,563.8,6765.599999999999,101.766,6885.080496,reconstructed
34,NJ,2018,570.0,6840.0,106.894,7311.5496,reconstructed
34,NJ,2019,577.0,6924.0,105.34,7293.741600000001,reconstructed
34,NJ,2020,602.0,7224.0,105.502,7621.464479999999,reconstructed
34,NJ,2021,835.57,10026.84,101.826,10209.9300984,reconstructed
34,NJ,2022,939.4,11272.8,104.754,11808.708912,reconstructed
34,NJ,2023,975.5,11706.0,105.761,12380.38266,reconstructed
35,NM,2008,512.6,6151.200000000001,97.716,6010.7065920000005,reconstructed
35,NM,2009,530.3,6363.599999999999,100.604,6402.036144,reconstructed
35,NM,2010,535.6,6427.200000000001,97.71,6280.01712,reconstructed
35,NM,2011,556.8,6681.599999999999,98.65,6591.3984,reconstructed
35,NM,2012,567.6,6811.200000000001,99.107,6750.375984000001,reconstructed
35,NM,2013,570.6,6847.200000000001,97.562,6680.265264000001,reconstructed
35,NM,2014,567.8,6813.599999999999,97.105,6616.34628,reconstructed
35,NM,2015,560.4,6724.799999999999,98.406,6617.606688,reconstructed
35,NM,2016,556.0,6672.0,97.973,6536.75856,reconstructed
35,NM,2017,563.8,6765.599999999999,100.796,6819.454175999999,reconstructed
35,NM,2018,570.0,6840.0,96.247,6583.294800000001,reconstructed
35,NM,2019,577.0,6924.0,99.274,6873.73176,reconstructed
35,NM,2020,602.0,7224.0,97.038,7010.02512,reconstructed
35,NM,2021,835.57,10026.84,96.839,9709.8915876,reconstructed
35,NM,2022,939.4,11272.8,97.711,11014.765608,reconstructed
35,NM,2023,975.5,11706.0,97.417,11403.63402,reconstructed
36,NY,2008,512.6,6151.200000000001,112.058,6892.911696000002,reconstructed
36,NY,2009,530.3,6363.599999999999,109.508,6968.651088,reconstructed
36,NY,2010,535.6,6427.200000000001,108.215,6955.19448,reconstructed
36,NY,2011,556.8,6681.599999999999,107.92,7210.782719999999,reconstructed
36,NY,2012,567.6,6811.200000000001,108.582,7395.7371840000005,reconstructed
36,NY,2013,570.6,6847.200000000001,107.37,7351.838640000002,reconstructed
36,NY,2014,567.8,6813.599999999999,107.739,7340.904504,reconstructed
36,NY,2015,560.4,6724.799999999999,108.129,7271.458992,reconstructed
36,NY,2016,556.0,6672.0,107.952,7202.5574400000005,reconstructed
36,NY,2017,563.8,6765.599999999999,108.293,7326.671208000001,reconstructed
36,NY,2018,570.0,6840.0,106.808,7305.667200000001,reconstructed
36,NY,2019,577.0,6924.0,105.123,7278.716520000001,reconstructed
36,NY,2020,602.0,7224.0,105.699,7635.695759999999,reconstructed
36,NY,2021,835.57,10026.84,101.724,10199.702721600002,reconstructed
36,NY,2022,939.4,11272.8,104.391,11767.788648,reconstructed
36,NY,2023,975.5,11706.0,105.118,12305.11308,reconstructed
37,NC,2008,512.6,6151.200000000001,96.613,5942.858856000001,reconstructed
37,NC,2009,530.3,6363.599999999999,94.282,5999.729351999999,reconstructed
37,NC,2010,535.6,6427.200000000001,96.915,6228.9208800000015,reconstructed
37,NC,2011,556.8,6681.599999999999,96.359,6438.322944,reconstructed
37,NC,2012,567.6,6811.200000000001,95.556,6508.510272,reconstructed
37,NC,2013,570.6,6847.200000000001,96.004,6573.5858880000005,reconstructed
37,NC,2014,567.8,6813.599999999999,95.71,6521.296559999999,reconstructed
37,NC,2015,560.4,6724.799999999999,94.962,6386.004575999999,reconstructed
37,NC,2016,556.0,6672.0,95.864,6396.04608,reconstructed
37,NC,2017,563.8,6765.599999999999,95.682,6473.461391999999,reconstructed
37,NC,2018,570.0,6840.0,95.705,6546.222,reconstructed
37,NC,2019,577.0,6924.0,95.665,6623.8446,reconstructed
37,NC,2020,602.0,7224.0,95.404,6891.98496,reconstructed
37,NC,2021,835.57,10026.84,96.231,9648.9284004,reconstructed
37,NC,2022,939.4,11272.8,95.56,10772.28768,reconstructed
37,NC,2023,975.5,11706.0,96.793,11330.588580000001,reconstructed
38,ND,2008,512.6,6151.200000000001,84.975,5226.9822,reconstructed
38,ND,2009,530.3,6363.599999999999,90.035,5729.467259999999,reconstructed
38,ND,2010,535.6,6427.200000000001,94.872,6097.613184000001,reconstructed
38,ND,2011,556.8,6681.599999999999,94.861,6338.232576,reconstructed
38,ND,2012,567.6,6811.200000000001,95.65,6514.912800000001,reconstructed
38,ND,2013,570.6,6847.200000000001,95.604,6546.197088000001,reconstructed
38,ND,2014,567.8,6813.599999999999,97.361,6633.789096,reconstructed
38,ND,2015,560.4,6724.799999999999,97.317,6544.373615999999,reconstructed
38,ND,2016,556.0,6672.0,96.031,6407.188320000001,reconstructed
38,ND,2017,563.8,6765.599999999999,94.65,6403.640399999999,reconstructed
38,ND,2018,570.0,6840.0,94.036,6432.0624,reconstructed
38,ND,2019,577.0,6924.0,96.573,6686.7145199999995,reconstructed
38,ND,2020,602.0,7224.0,96.4,6963.936000000001,reconstructed
38,ND,2021,835.57,10026.84,94.199,9445.1830116,reconstructed
38,ND,2022,939.4,11272.8,94.057,10602.857495999999,reconstructed
38,ND,2023,975.5,11706.0,96.996,11354.35176,reconstructed
39,OH,2008,512.6,6151.200000000001,92.25,5674.482000000001,reconstructed
39,OH,2009,530.3,6363.599999999999,93.962,5979.3658319999995,reconstructed
39,OH,2010,535.6,6427.200000000001,94.441,6069.911952,reconstructed
39,OH,2011,556.8,6681.599999999999,94.721,6328.878336,reconstructed
39,OH,2012,567.6,6811.200000000001,96.238,6554.962656000001,reconstructed
39,OH,2013,570.6,6847.200000000001,96.956,6638.771232000001,reconstructed
39,OH,2014,567.8,6813.599999999999,97.217,6623.9775119999995,reconstructed
39,OH,2015,560.4,6724.799999999999,96.66,6500.191679999999,reconstructed
39,OH,2016,556.0,6672.0,96.145,6414.7944,reconstructed
39,OH,2017,563.8,6765.599999999999,95.314,6448.5639839999985,reconstructed
39,OH,2018,570.0,6840.0,97.307,6655.7988,reconstructed
39,OH,2019,577.0,6924.0,95.844,6636.23856,reconstructed
39,OH,2020,602.0,7224.0,93.876,6781.60224,reconstructed
39,OH,2021,835.57,10026.84,94.46,9471.353063999999,reconstructed
39,OH,2022,939.4,11272.8,92.352,10410.656256,reconstructed
39,OH,2023,975.5,11706.0,94.152,11021.43312,reconstructed
40,OK,2008,512.6,6151.200000000001,96.747,5951.101464000001,reconstructed
40,OK,2009,530.3,6363.599999999999,94.178,5993.111207999999,reconstructed
40,OK,2010,535.6,6427.200000000001,96.998,6234.255456000001,reconstructed
40,OK,2011,556.8,6681.599999999999,96.304,6434.648064,reconstructed
40,OK,2012,567.6,6811.200000000001,95.243,6487.191216000001,reconstructed
40,OK,2013,570.6,6847.200000000001,96.01,6573.996720000001,reconstructed
40,OK,2014,567.8,6813.599999999999,95.981,6539.761415999999,reconstructed
40,OK,2015,560.4,6724.799999999999,94.964,6386.139072,reconstructed
40,OK,2016,556.0,6672.0,95.757,6388.90704,reconstructed
40,OK,2017,563.8,6765.599999999999,95.509,6461.756904,reconstructed
40,OK,2018,570.0,6840.0,93.403,6388.7652,reconstructed
40,OK,2019,577.0,6924.0,95.038,6580.43112,reconstructed
40,OK,2020,602.0,7224.0,94.515,6827.7636,reconstructed
40,OK,2021,835.57,10026.84,95.813,9607.016209200001,reconstructed
40,OK,2022,939.4,11272.8,93.62,10553.59536,reconstructed
40,OK,2023,975.5,11706.0,93.342,10926.614520000001,reconstructed
41,OR,2008,512.6,6151.200000000001,95.308,5862.585696000001,reconstructed
41,OR,2009,530.3,6363.599999999999,101.604,6465.672144,reconstructed
41,OR,2010,535.6,6427.200000000001,99.682,6406.761504000001,reconstructed
41,OR,2011,556.8,6681.599999999999,99.789,6667.501824,reconstructed
41,OR,2012,567.6,6811.200000000001,100.279,6830.203248000002,reconstructed
41,OR,2013,570.6,6847.200000000001,98.463,6741.958536,reconstructed
41,OR,2014,567.8,6813.599999999999,99.041,6748.257576,reconstructed
41,OR,2015,560.4,6724.799999999999,99.119,6665.554512,reconstructed
41,OR,2016,556.0,6672.0,100.373,6696.88656,reconstructed
41,OR,2017,563.8,6765.599999999999,100.226,6780.890255999999,reconstructed
41,OR,2018,570.0,6840.0,104.576,7152.9984,reconstructed
41,OR,2019,577.0,6924.0,104.457,7232.60268,reconstructed
41,OR,2020,602.0,7224.0,104.552,7552.83648,reconstructed
41,OR,2021,835.57,10026.84,106.468,10675.3760112,reconstructed
41,OR,2022,939.4,11272.8,109.126,12301.555728000001,reconstructed
41,OR,2023,975.5,11706.0,104.778,12265.312680000003,reconstructed
42,PA,2008,512.6,6151.200000000001,101.813,6262.721256000001,reconstructed
42,PA,2009,530.3,6363.599999999999,101.737,6474.135731999999,reconstructed
42,PA,2010,535.6,6427.200000000001,99.855,6417.880560000001,reconstructed
42,PA,2011,556.8,6681.599999999999,100.38,6706.99008,reconstructed
42,PA,2012,567.6,6811.200000000001,99.692,6790.221504,reconstructed
42,PA,2013,570.6,6847.200000000001,98.229,6725.936088,reconstructed
42,PA,2014,567.8,6813.599999999999,98.36,6701.85696,reconstructed
42,PA,2015,560.4,6724.799999999999,100.482,6757.213535999999,reconstructed
42,PA,2016,556.0,6672.0,100.31,6692.6832,reconstructed
42,PA,2017,563.8,6765.599999999999,99.933,6761.067048,reconstructed
42,PA,2018,570.0,6840.0,99.725,6821.19,reconstructed
42,PA,2019,577.0,6924.0,97.105,6723.550200000001,reconstructed
42,PA,2020,602.0,7224.0,97.354,7032.85296,reconstructed
42,PA,2021,835.57,10026.84,95.335,9559.087914,reconstructed
42,PA,2022,939.4,11272.8,96.869,10919.848632,reconstructed
42,PA,2023,975.5,11706.0,98.431,11522.33286,reconstructed
44,RI,2008,512.6,6151.200000000001,100.294,6169.284528,reconstructed
44,RI,2009,530.3,6363.599999999999,100.917,6421.954212000001,reconstructed
44,RI,2010,535.6,6427.200000000001,97.622,6274.361184,reconstructed
44,RI,2011,556.8,6681.599999999999,97.913,6542.155007999999,reconstructed
44,RI,2012,567.6,6811.200000000001,97.546,6644.053152000001,reconstructed
44,RI,2013,570.6,6847.200000000001,97.323,6663.900456,reconstructed
44,RI,2014,567.8,6813.599999999999,97.201,6622.887335999999,reconstructed
44,RI,2015,560.4,6724.799999999999,98.646,6633.746208,reconstructed
44,RI,2016,556.0,6672.0,98.393,6564.78096,reconstructed
44,RI,2017,563.8,6765.599999999999,99.268,6716.075808,reconstructed
44,RI,2018,570.0,6840.0,100.77,6892.668000000001,reconstructed
44,RI,2019,577.0,6924.0,98.941,6850.67484,reconstructed
44,RI,2020,602.0,7224.0,98.016,7080.67584,reconstructed
44,RI,2021,835.57,10026.84,98.197,9846.0560748,reconstructed
44,RI,2022,939.4,11272.8,101.033,11389.248023999999,reconstructed
44,RI,2023,975.5,11706.0,98.279,11504.53974,reconstructed
45,SC,2008,512.6,6151.200000000001,96.678,5946.8571360000005,reconstructed
45,SC,2009,530.3,6363.599999999999,94.138,5990.565768,reconstructed
45,SC,2010,535.6,6427.200000000001,96.708,6215.616576,reconstructed
45,SC,2011,556.8,6681.599999999999,96.054,6417.944064,reconstructed
45,SC,2012,567.6,6811.200000000001,95.273,6489.234576000001,reconstructed
45,SC,2013,570.6,6847.200000000001,95.97,6571.257840000001,reconstructed
45,SC,2014,567.8,6813.599999999999,96.143,6550.799448,reconstructed
45,SC,2015,560.4,6724.799999999999,95.117,6396.428016,reconstructed
45,SC,2016,556.0,6672.0,95.903,6398.648160000001,reconstructed
45,SC,2017,563.8,6765.599999999999,95.608,6468.454847999999,reconstructed
45,SC,2018,570.0,6840.0,95.334,6520.845600000001,reconstructed
45,SC,2019,577.0,6924.0,95.656,6623.22144,reconstructed
45,SC,2020,602.0,7224.0,95.404,6891.98496,reconstructed
45,SC,2021,835.57,10026.84,96.078,9633.587335200002,reconstructed
45,SC,2022,939.4,11272.8,94.47,10649.414159999998,reconstructed
45,SC,2023,975.5,11706.0,95.948,11231.672879999998,reconstructed
46,SD,2008,512.6,6151.200000000001,84.318,5186.568816,reconstructed
46,SD,2009,530.3,6363.599999999999,89.52,5696.6947199999995,reconstructed
46,SD,2010,535.6,6427.200000000001,94.614,6081.031008000001,reconstructed
46,SD,2011,556.8,6681.599999999999,94.655,6324.4684799999995,reconstructed
46,SD,2012,567.6,6811.200000000001,95.966,6536.436192,reconstructed
46,SD,2013,570.6,6847.200000000001,95.8,6559.6176000000005,reconstructed
46,SD,2014,567.8,6813.599999999999,97.203,6623.0236079999995,reconstructed
46,SD,2015,560.4,6724.799999999999,96.979,6521.643792,reconstructed
46,SD,2016,556.0,6672.0,95.813,6392.64336,reconstructed
46,SD,2017,563.8,6765.599999999999,94.622,6401.746031999999,reconstructed
46,SD,2018,570.0,6840.0,95.784,6551.6256,reconstructed
46,SD,2019,577.0,6924.0,97.786,6770.70264,reconstructed
46,SD,2020,602.0,7224.0,96.637,6981.05688,reconstructed
46,SD,2021,835.57,10026.84,93.799,9405.075651600002,reconstructed
46,SD,2022,939.4,11272.8,93.965,10592.486519999999,reconstructed
46,SD,2023,975.5,11706.0,97.4,11401.644,reconstructed
47,TN,2008,512.6,6151.200000000001,96.484,5934.9238080000005,reconstructed
47,TN,2009,530.3,6363.599999999999,94.01,5982.42036,reconstructed
47,TN,2010,535.6,6427.200000000001,96.759,6218.894448,reconstructed
47,TN,2011,556.8,6681.599999999999,96.119,6422.287103999999,reconstructed
47,TN,2012,567.6,6811.200000000001,95.296,6490.801152000001,reconstructed
47,TN,2013,570.6,6847.200000000001,96.071,6578.173512,reconstructed
47,TN,2014,567.8,6813.599999999999,96.091,6547.256375999999,reconstructed
47,TN,2015,560.4,6724.799999999999,95.058,6392.460384,reconstructed
47,TN,2016,556.0,6672.0,95.944,6401.383680000001,reconstructed
47,TN,2017,563.8,6765.599999999999,95.595,6467.575319999999,reconstructed
47,TN,2018,570.0,6840.0,92.306,6313.7304,reconstructed
47,TN,2019,577.0,6924.0,94.512,6544.01088,reconstructed
47,TN,2020,602.0,7224.0,94.272,6810.20928,reconstructed
47,TN,2021,835.57,10026.84,93.882,9413.397928800001,reconstructed
47,TN,2022,939.4,11272.8,94.477,10650.203255999999,reconstructed
47,TN,2023,975.5,11706.0,94.29,11037.5874,reconstructed
48,TX,2008,512.6,6151.200000000001,97.135,5974.968120000001,reconstructed
48,TX,2009,530.3,6363.599999999999,96.069,6113.446884,reconstructed
48,TX,2010,535.6,6427.200000000001,98.107,6305.533104000001,reconstructed
48,TX,2011,556.8,6681.599999999999,96.528,6449.614847999999,reconstructed
48,TX,2012,567.6,6811.200000000001,97.599,6647.663088000001,reconstructed
48,TX,2013,570.6,6847.200000000001,97.571,6680.881512000001,reconstructed
48,TX,2014,567.8,6813.599999999999,97.36,6633.72096,reconstructed
48,TX,2015,560.4,6724.799999999999,97.124,6531.394751999999,reconstructed
48,TX,2016,556.0,6672.0,98.439,6567.850079999999,reconstructed
48,TX,2017,563.8,6765.599999999999,97.129,6571.359624,reconstructed
48,TX,2018,570.0,6840.0,97.05,6638.219999999999,reconstructed
48,TX,2019,577.0,6924.0,97.868,6776.38032,reconstructed
48,TX,2020,602.0,7224.0,98.161,7091.15064,reconstructed
48,TX,2021,835.57,10026.84,98.495,9875.936058,reconstructed
48,TX,2022,939.4,11272.8,97.218,10959.190704,reconstructed
48,TX,2023,975.5,11706.0,98.137,11487.91722,reconstructed
49,UT,2008,512.6,6151.200000000001,96.857,5957.867784000001,reconstructed
49,UT,2009,530.3,6363.599999999999,101.029,6429.081443999999,reconstructed
49,UT,2010,535.6,6427.200000000001,98.753,6347.052816000001,reconstructed
49,UT,2011,556.8,6681.599999999999,99.967,6679.395071999999,reconstructed
49,UT,2012,567.6,6811.200000000001,99.553,6780.753936000001,reconstructed
49,UT,2013,570.6,6847.200000000001,97.675,6688.002600000001,reconstructed
49,UT,2014,567.8,6813.599999999999,96.747,6591.953592,reconstructed
49,UT,2015,560.4,6724.799999999999,97.206,6536.909087999999,reconstructed
49,UT,2016,556.0,6672.0,95.478,6370.29216,reconstructed
49,UT,2017,563.8,6765.599999999999,99.187,6710.5956719999995,reconstructed
49,UT,2018,570.0,6840.0,97.137,6644.1708,reconstructed
49,UT,2019,577.0,6924.0,99.034,6857.114160000001,reconstructed
49,UT,2020,602.0,7224.0,94.829,6850.446959999999,reconstructed
49,UT,2021,835.57,10026.84,96.425,9668.38047,reconstructed
49,UT,2022,939.4,11272.8,94.975,10706.341799999998,reconstructed
49,UT,2023,975.5,11706.0,94.719,11087.80614,reconstructed
50,VT,2008,512.6,6151.200000000001,100.666,6192.166992,reconstructed
50,VT,2009,530.3,6363.599999999999,101.224,6441.4904639999995,reconstructed
50,VT,2010,535.6,6427.200000000001,98.382,6323.207904000001,reconstructed
50,VT,2011,556.8,6681.599999999999,98.433,6576.8993279999995,reconstructed
50,VT,2012,567.6,6811.200000000001,99.047,6746.289264000001,reconstructed
50,VT,2013,570.6,6847.200000000001,98.244,6726.963168,reconstructed
50,VT,2014,567.8,6813.599999999999,98.011,6678.077495999999,reconstructed
50,VT,2015,560.4,6724.799999999999,98.977,6656.005295999999,reconstructed
50,VT,2016,556.0,6672.0,98.68,6583.9296,reconstructed
50,VT,2017,563.8,6765.599999999999,99.515,6732.78684,reconstructed
50,VT,2018,570.0,6840.0,100.702,6888.0168,reconstructed
50,VT,2019,577.0,6924.0,98.777,6839.31948,reconstructed
50,VT,2020,602.0,7224.0,98.669,7127.848559999999,reconstructed
50,VT,2021,835.57,10026.84,98.349,9861.296871600001,reconstructed
50,VT,2022,939.4,11272.8,100.459,11324.542152,reconstructed
50,VT,2023,975.5,11706.0,97.866,11456.19396,reconstructed
51,VA,2008,512.6,6151.200000000001,102.705,6317.589960000001,reconstructed
51,VA,2009,530.3,6363.599999999999,101.773,6476.426627999999,reconstructed
51,VA,2010,535.6,6427.200000000001,101.665,6534.212880000001,reconstructed
51,VA,2011,556.8,6681.599999999999,100.589,6720.954623999999,reconstructed
51,VA,2012,567.6,6811.200000000001,99.322,6765.020064,reconstructed
51,VA,2013,570.6,6847.200000000001,101.285,6935.186520000001,reconstructed
51,VA,2014,567.8,6813.599999999999,98.971,6743.488056,reconstructed
51,VA,2015,560.4,6724.799999999999,98.594,6630.249311999999,reconstructed
51,VA,2016,556.0,6672.0,99.194,6618.22368,reconstructed
51,VA,2017,563.8,6765.599999999999,98.619,6672.167063999999,reconstructed
51,VA,2018,570.0,6840.0,99.718,6820.711200000001,reconstructed
51,VA,2019,577.0,6924.0,99.06,6858.914400000001,reconstructed
51,VA,2020,602.0,7224.0,99.368,7178.344319999999,reconstructed
51,VA,2021,835.57,10026.84,101.422,10169.421664799998,reconstructed
51,VA,2022,939.4,11272.8,100.492,11328.262176,reconstructed
51,VA,2023,975.5,11706.0,101.101,11834.88306,reconstructed
53,WA,2008,512.6,6151.200000000001,104.427,6423.513624000001,reconstructed
53,WA,2009,530.3,6363.599999999999,104.767,6666.952811999999,reconstructed
53,WA,2010,535.6,6427.200000000001,103.083,6625.350576,reconstructed
53,WA,2011,556.8,6681.599999999999,103.698,6928.685568,reconstructed
53,WA,2012,567.6,6811.200000000001,100.345,6834.6986400000005,reconstructed
53,WA,2013,570.6,6847.200000000001,100.95,6912.248400000001,reconstructed
53,WA,2014,567.8,6813.599999999999,102.235,6965.88396,reconstructed
53,WA,2015,560.4,6724.799999999999,103.556,6963.933888,reconstructed
53,WA,2016,556.0,6672.0,102.713,6853.0113599999995,reconstructed
53,WA,2017,563.8,6765.599999999999,105.885,7163.75556,reconstructed
53,WA,2018,570.0,6840.0,105.033,7184.2572,reconstructed
53,WA,2019,577.0,6924.0,106.385,7366.0974,reconstructed
53,WA,2020,602.0,7224.0,108.915,7868.0196000000005,reconstructed
53,WA,2021,835.57,10026.84,111.956,11225.648990400001,reconstructed
53,WA,2022,939.4,11272.8,113.544,12799.588032,reconstructed
53,WA,2023,975.5,11706.0,106.853,12508.21218,reconstructed
54,WV,2008,512.6,6151.200000000001,96.907,5960.943384000001,reconstructed
54,WV,2009,530.3,6363.599999999999,94.436,6009.529296,reconstructed
54,WV,2010,535.6,6427.200000000001,97.359,6257.4576480000005,reconstructed
54,WV,2011,556.8,6681.599999999999,96.096,6420.750336,reconstructed
54,WV,2012,567.6,6811.200000000001,94.224,6417.785088000001,reconstructed
54,WV,2013,570.6,6847.200000000001,95.511,6539.829192,reconstructed
54,WV,2014,567.8,6813.599999999999,95.089,6478.984103999999,reconstructed
54,WV,2015,560.4,6724.799999999999,94.391,6347.605968,reconstructed
54,WV,2016,556.0,6672.0,95.363,6362.61936,reconstructed
54,WV,2017,563.8,6765.599999999999,94.443,6389.635608,reconstructed
54,WV,2018,570.0,6840.0,95.35,6521.94,reconstructed
54,WV,2019,577.0,6924.0,95.725,6627.999,reconstructed
54,WV,2020,602.0,7224.0,95.256,6881.2934399999995,reconstructed
54,WV,2021,835.57,10026.84,96.619,9687.8325396,reconstructed
54,WV,2022,939.4,11272.8,94.517,10654.712376,reconstructed
54,WV,2023,975.5,11706.0,95.658,11197.72548,reconstructed
55,WI,2008,512.6,6151.200000000001,91.232,5611.862784000001,reconstructed
55,WI,2009,530.3,6363.599999999999,94.873,6037.338228,reconstructed
55,WI,2010,535.6,6427.200000000001,95.571,6142.539312000001,reconstructed
55,WI,2011,556.8,6681.599999999999,95.363,6371.774207999999,reconstructed
55,WI,2012,567.6,6811.200000000001,96.759,6590.4490080000005,reconstructed
55,WI,2013,570.6,6847.200000000001,96.073,6578.310456,reconstructed
55,WI,2014,567.8,6813.599999999999,96.838,6598.153967999999,reconstructed
55,WI,2015,560.4,6724.799999999999,98.396,6616.934208,reconstructed
55,WI,2016,556.0,6672.0,97.334,6494.1244799999995,reconstructed
55,WI,2017,563.8,6765.599999999999,97.379,6588.2736239999995,reconstructed
55,WI,2018,570.0,6840.0,98.06,6707.304,reconstructed
55,WI,2019,577.0,6924.0,96.694,6695.09256,reconstructed
55,WI,2020,602.0,7224.0,94.5,6826.679999999999,reconstructed
55,WI,2021,835.57,10026.84,95.139,9539.435307599999,reconstructed
55,WI,2022,939.4,11272.8,92.525,10430.1582,reconstructed
55,WI,2023,975.5,11706.0,94.305,11039.3433,reconstructed
56,WY,2008,512.6,6151.200000000001,99.314,6109.002768,reconstructed
56,WY,2009,530.3,6363.599999999999,98.977,6298.5003719999995,reconstructed
56,WY,2010,535.6,6427.200000000001,98.582,6336.062304,reconstructed
56,WY,2011,556.8,6681.599999999999,98.817,6602.556671999999,reconstructed
56,WY,2012,567.6,6811.200000000001,98.739,6725.310768,reconstructed
56,WY,2013,570.6,6847.200000000001,97.752,6693.274944000001,reconstructed
56,WY,2014,567.8,6813.599999999999,97.779,6662.269943999999,reconstructed
56,WY,2015,560.4,6724.799999999999,100.982,6790.837535999999,reconstructed
56,WY,2016,556.0,6672.0,101.786,6791.16192,reconstructed
56,WY,2017,563.8,6765.599999999999,102.111,6908.421815999999,reconstructed
56,WY,2018,570.0,6840.0,96.128,6575.1552,reconstructed
56,WY,2019,577.0,6924.0,98.634,6829.41816,reconstructed
56,WY,2020,602.0,7224.0,97.237,7024.400879999999,reconstructed
56,WY,2021,835.57,10026.84,96.387,9664.5702708,reconstructed
56,WY,2022,939.4,11272.8,96.81,10913.19768,reconstructed
56,WY,2023,975.5,11706.0,97.108,11367.46248,reconstructed
